id,parent_id,depth,name_zh,name_en,name_ar,path_zh,is_leaf,state,reason,matched
67,,1,办公、文化,Office & Culture,مكتب وثقافة,办公、文化,False,allowed,,
1038378,,1,鞋,Shoes,أحذية,鞋,False,allowed,,
311,,1,童装,Kids Clothing,ملابس أطفال,童装,False,allowed,,
312,,1,内衣,Underwear,ملابس داخلية,内衣,False,allowed,,
54,,1,服饰配件、饰品,Accessories & Jewelry,إكسسوارات ومجوهرات,服饰配件、饰品,False,allowed,,
1813,,1,玩具,Toys,ألعاب,玩具,False,allowed,,
10166,,1,女装,Women's Clothing,ملابس نسائية,女装,False,allowed,,
2,,1,食品酒水,Food & Beverages,طعام ومشروبات,食品酒水,False,review,alcohol,酒
122916001,,1,宠物及园艺,Pets & Gardening,الحيوانات الأليفة والبستنة,宠物及园艺,False,allowed,,
122916002,,1,汽车用品,Car Accessories,إكسسوارات السيارات,汽车用品,False,allowed,,
58,,1,灯饰照明,Lighting,إضاءة,灯饰照明,False,allowed,,
10165,,1,男装,Men's Clothing,ملابس رجالية,男装,False,allowed,,
57,,1,电子元器件,Electronic Components,مكونات إلكترونية,电子元器件,False,allowed,,
53,,1,传媒、广电,Media & Broadcasting,الإعلام والبث,传媒、广电,False,allowed,,
70,,1,安全、防护,Safety & Protection,السلامة والحماية,安全、防护,False,allowed,,
68,,1,包装,Packaging,تغليف,包装,False,allowed,,
7,,1,数码、电脑,Digital & Computers,الرقمية وأجهزة الكمبيوتر,数码、电脑,False,allowed,,
5,,1,电工电气,Electrical Engineering,الهندسة الكهربائية,电工电气,False,allowed,,
4,,1,纺织、皮革,Textiles & Leather,المنسوجات والجلود,纺织、皮革,False,allowed,,
1042954,,1,箱包皮具,Bags & Leather Goods,حقائب ومنتجات جلدية,箱包皮具,False,allowed,,
65,,1,机械及行业设备,Machinery & Industry Equipment,آلات ومعدات صناعية,机械及行业设备,False,allowed,,
59,,1,五金、工具,Hardware & Tools,أدوات ومعدات,五金、工具,False,allowed,,
8,,1,化工,Chemical Industry,الصناعة الكيميائية,化工,False,allowed,,
55,,1,橡塑,Rubber & Plastics,المطاط والبلاستيك,橡塑,False,allowed,,
201346017,,1,建材,Building Materials,مواد البناء,建材,False,allowed,,
64,,1,环保,Environmental Protection,حماية البيئة,环保,False,allowed,,
10208,,1,仪器仪表,Instruments & Meters,أجهزة وأدوات قياس,仪器仪表,False,allowed,,
15,,1,居家日用品,Home Daily Necessities,اللوازم المنزلية اليومية,居家日用品,False,allowed,,
201547801,,1,日用餐厨饮具,Daily Tableware,أدوات مائدة يومية,日用餐厨饮具,False,allowed,,
201547901,,1,收纳清洁用具,Storage & Cleaning,أدوات التخزين والتنظيف,收纳清洁用具,False,allowed,,
96,,1,家纺家饰,Home Textiles & Decor,المنسوجات والديكور المنزلي,家纺家饰,False,allowed,,
97,,1,美容护肤/彩妆,Skincare & Makeup,العناية بالبشرة والمكياج,美容护肤/彩妆,False,allowed,,
6,,1,家用电器,Home Appliances,الأجهزة المنزلية,家用电器,False,allowed,,
13,,1,家装建材,Home Renovation Materials,مواد تجديد المنزل,家装建材,False,allowed,,
12,,1,交通运输,Transportation,النقل,交通运输,False,allowed,,
10,,1,能源,Energy,الطاقة,能源,False,allowed,,
1,,1,农业,Agriculture,زراعة,农业,False,allowed,,
71,,1,汽摩及配件,Automotive & Parts,السيارات وقطع الغيار,汽摩及配件,False,allowed,,
509,,1,通信产品,Communication Products,منتجات الاتصالات,通信产品,False,allowed,,
9,,1,冶金矿产,Metallurgy & Minerals,المعادن والتعدين,冶金矿产,False,allowed,,
66,,1,医药、保养,Pharmaceuticals & Care,الأدوية والعناية,医药、保养,False,review,medicine,药
72,,1,印刷,Printing,الطباعة,印刷,False,allowed,,
18,,1,运动户外,Sports & Outdoors,رياضة ونشاطات خارجية,运动户外,False,allowed,,
1426,,1,机床,Machine Tools,آلات,机床,False,allowed,,
69,,1,商务服务,Business Services,الخدمات التجارية,商务服务,False,allowed,,
2829,,1,二手设备转让,Used Equipment Transfer,نقل معدات مستعملة,二手设备转让,False,allowed,,
2805,,1,加工,Processing,تصنيع,加工,False,allowed,,
130822220,,1,个护/家清,Personal Care & Home Cleaning,العناية الشخصية والتنظيف المنزلي,个护/家清,False,allowed,,
130823000,,1,成人用品,Adult Products,منتجات للكبار,成人用品,False,blocked,sexual,成人用品
130822002,,1,餐饮生鲜,Fresh Food & Catering,أطعمة طازجة والتموين,餐饮生鲜,False,allowed,,
123614001,,1,钢铁,Steel,فولاذ,钢铁,False,allowed,,
202052814,,1,新能源,New Energy,طاقة جديدة,新能源,False,allowed,,
201857705,67,2,手账,Planners,دفاتر التخطيط,办公、文化 > 手账,False,allowed,,
2111,67,2,学习文具,School Stationery,أدوات مكتبية مدرسية,办公、文化 > 学习文具,False,allowed,,
10336,67,2,纸品本册,Paper Notebooks,دفاتر الورق,办公、文化 > 纸品本册,False,allowed,,
2113,67,2,装订、胶粘、桌面用品,"Binding, Adhesives & Desktop Supplies",التجليد والمواد اللاصقة ولوازم المكتب,办公、文化 > 装订、胶粘、桌面用品,False,allowed,,
81,67,2,书写工具,Writing Instruments,أدوات الكتابة,办公、文化 > 书写工具,False,allowed,,
2127,67,2,美术、书法、绘图用品,"Art, Calligraphy & Drawing Supplies",لوازم الفن والخط والرسم,办公、文化 > 美术、书法、绘图用品,False,allowed,,
125064004,67,2,文化用品,Cultural Supplies,لوازم ثقافية,办公、文化 > 文化用品,False,allowed,,
732,67,2,办公设备,Office Equipment,معدات مكتبية,办公、文化 > 办公设备,False,allowed,,
1045523,67,2,学习类电子产品,Educational Electronics,أجهزة إلكترونية تعليمية,办公、文化 > 学习类电子产品,False,allowed,,
1045647,67,2,书籍、出版物,Books & Publications,كتب ومنشورات,办公、文化 > 书籍、出版物,False,allowed,,
2112,67,2,办公用纸,Office Paper,ورق المكتب,办公、文化 > 办公用纸,False,allowed,,
2122,67,2,办公收纳,Office Storage,تخزين المكتب,办公、文化 > 办公收纳,False,allowed,,
2121,67,2,财务用品,Financial Supplies,مستلزمات مالية,办公、文化 > 财务用品,False,allowed,,
124904001,67,2,行政用品,Office Supplies,مستلزمات مكتبية,办公、文化 > 行政用品,False,allowed,,
2129,67,2,展示用品,Display Supplies,مستلزمات العرض,办公、文化 > 展示用品,False,allowed,,
1805,67,2,乐器,Musical Instruments,آلات موسيقية,办公、文化 > 乐器,False,allowed,,
201646101,67,2,MIDI乐器/电脑音乐,MIDI Instruments & Music,آلات MIDI والموسيقى الحاسوبية,办公、文化 > MIDI乐器/电脑音乐,False,allowed,,
10260,67,2,耗材,Consumables,المستهلكات,办公、文化 > 耗材,False,allowed,,
201649001,67,2,西洋乐器,Western Musical Instruments,آلات موسيقية غربية,办公、文化 > 西洋乐器,False,allowed,,
201648502,67,2,乐器配件,Musical Instrument Accessories,إكسسوارات الآلات الموسيقية,办公、文化 > 乐器配件,False,allowed,,
2117,67,2,教学模型、器材,Teaching Models & Tools,نماذج وأدوات تعليمية,办公、文化 > 教学模型、器材,False,allowed,,
201649201,67,2,民族乐器,Ethnic Instruments,آلات موسيقية تقليدية,办公、文化 > 民族乐器,False,allowed,,
1045707,67,2,实验室用品,Lab Supplies,مستلزمات المختبر,办公、文化 > 实验室用品,False,allowed,,
201305307,67,2,创意礼品,Creative Gifts,هدايا مبتكرة,办公、文化 > 创意礼品,False,allowed,,
82,67,2,音像制品,Audio & Video Products,منتجات الصوت والفيديو,办公、文化 > 音像制品,False,allowed,,
201229008,67,2,商务礼品,Business Gifts,هدايا الأعمال,办公、文化 > 商务礼品,False,allowed,,
1044181,67,2,工艺品,Handicrafts,الحرف اليدوية,办公、文化 > 工艺品,False,allowed,,
122192001,67,2,气氛、布置用品,Atmosphere & Decoration,أدوات تزيين وأجواء,办公、文化 > 气氛、布置用品,False,allowed,,
201304320,67,2,聚会/魔术/演出用品,"Party, Magic & Performance Supplies",مستلزمات الحفلات والسحر والعروض,办公、文化 > 聚会/魔术/演出用品,False,allowed,,
201162103,67,2,仿真园艺,Artificial Gardening,الزراعة الصناعية,办公、文化 > 仿真园艺,False,allowed,,
1702,67,2,节庆用品,Festival Supplies,مستلزمات الاحتفالات,办公、文化 > 节庆用品,False,allowed,,
122198001,67,2,春节用品,Spring Festival Supplies,مستلزمات عيد الربيع,办公、文化 > 春节用品,False,allowed,,
122196001,67,2,圣诞用品,Christmas Supplies,مستلزمات عيد الميلاد,办公、文化 > 圣诞用品,False,allowed,,
122194001,67,2,婚庆用品,Wedding Supplies,مستلزمات الزفاف,办公、文化 > 婚庆用品,False,allowed,,
201232601,67,2,工艺摆件,Craft Decorations,زينة الحرف اليدوية,办公、文化 > 工艺摆件,False,allowed,,
125492003,67,2,钥匙配饰,Key Accessories,إكسسوارات المفاتيح,办公、文化 > 钥匙配饰,False,allowed,,
201303011,67,2,动漫/影视/明星周边,Anime/Film/Star Merchandise,منتجات أنمي/أفلام/نجوم,办公、文化 > 动漫/影视/明星周边,False,allowed,,
201345914,67,2,古董/古玩/收藏,Antiques & Collectibles,التحف والمقتنيات,办公、文化 > 古董/古玩/收藏,False,allowed,,
201475501,67,2,工艺品配件,Handicraft Accessories,إكسسوارات الحرف اليدوية,办公、文化 > 工艺品配件,False,allowed,,
201333016,67,2,邮票/钱币/纪念币,Stamps/Coins/Commemoratives,طوابع/عملات/تذكارية,办公、文化 > 邮票/钱币/纪念币,False,allowed,,
1044217,67,2,祭祀/殡葬用品,Ritual & Funeral Supplies,مستلزمات الطقوس والجنازات,办公、文化 > 祭祀/殡葬用品,False,allowed,,
1725,67,2,民间工艺品,Folk Crafts,حرف يدوية شعبية,办公、文化 > 民间工艺品,False,allowed,,
201330711,67,2,宗教用品,Religious Items,الأدوات الدينية,办公、文化 > 宗教用品,False,blocked,religious,宗教
125372002,1038378,2,女鞋,Women's Shoes,أحذية نسائية,鞋 > 女鞋,False,allowed,,
126506004,1038378,2,男鞋,Men's Shoes,أحذية رجالية,鞋 > 男鞋,False,allowed,,
125386001,1038378,2,童鞋、婴儿鞋,Kids & Baby Shoes,أحذية أطفال ورضع,鞋 > 童鞋、婴儿鞋,False,allowed,,
125312003,1038378,2,家居鞋,Home Shoes,أحذية المنزل,鞋 > 家居鞋,False,allowed,,
201301601,1038378,2,鞋材,Shoe Materials,مواد الأحذية,鞋 > 鞋材,False,allowed,,
125730003,1038378,2,鞋配件,Shoe Accessories,إكسسوارات الأحذية,鞋 > 鞋配件,False,allowed,,
202030801,311,2,校园服装,School Uniforms,زي المدرسة,童装 > 校园服装,False,allowed,,
127420011,311,2,儿童运动/户外服,Kids Sports & Outdoor Wear,ملابس رياضية وخارجية للأطفال,童装 > 儿童运动/户外服,False,allowed,,
122380006,311,2,婴幼儿寝居/服饰,Baby Bedding & Clothing,مفروشات وملابس أطفال,童装 > 婴幼儿寝居/服饰,False,allowed,,
1037003,311,2,连身衣、爬服,Rompers & Onesies,رومبرز وملابس أطفال,童装 > 连身衣、爬服,True,allowed,,
1037012,311,2,童T恤,Kids T-Shirts,تيشيرتات أطفال,童装 > 童T恤,True,allowed,,
201554412,311,2,儿童POLO衫,Kids Polo Shirts,قمصان بولو أطفال,童装 > 儿童POLO衫,True,allowed,,
1037011,311,2,童衬衫,Kids Shirts,قمصان أطفال,童装 > 童衬衫,True,allowed,,
127430004,311,2,童打底衫,Kids Undershirts,قمصان داخلية للأطفال,童装 > 童打底衫,True,allowed,,
127430003,311,2,童打底裤,Kids Leggings,سراويل ضيقة للأطفال,童装 > 童打底裤,True,allowed,,
1037192,311,2,童套装,Kids Sets,طقم أطفال,童装 > 童套装,True,allowed,,
1042840,311,2,童卫衣,Kids Sweatshirts,سويت شيرت أطفال,童装 > 童卫衣,True,allowed,,
201551614,311,2,童外套/夹克/大衣,Kids Jackets & Coats,جاكيتات ومعاطف أطفال,童装 > 童外套/夹克/大衣,False,allowed,,
201387101,311,2,童牛仔服,Kids Denim,ملابس جينز للأطفال,童装 > 童牛仔服,False,allowed,,
201546613,311,2,童裙,Kids Skirts,تنانير أطفال,童装 > 童裙,False,allowed,,
1037004,311,2,童裤,Kids Pants,سراويل أطفال,童装 > 童裤,True,allowed,,
201552907,311,2,童家居服,Kids Loungewear,ملابس منزلية للأطفال,童装 > 童家居服,False,allowed,,
1037039,311,2,亲子装,Parent-Child Outfits,ملابس عائلية,童装 > 亲子装,True,allowed,,
1043351,311,2,儿童袜,Kids Socks,جوارب أطفال,童装 > 儿童袜,True,allowed,,
127496001,311,2,儿童内衣内裤,Kids Underwear,ملابس داخلية أطفال,童装 > 儿童内衣内裤,False,allowed,,
122698004,311,2,婴儿礼盒,Baby Gift Sets,مجموعات هدايا للأطفال,童装 > 婴儿礼盒,True,allowed,,
1048174,311,2,童背心/吊带衫,Kids Vests & Tank Tops,صدريات وتوبات أطفال,童装 > 童背心/吊带衫,True,allowed,,
1037010,311,2,童毛衣,Kids Sweaters,كنزات أطفال,童装 > 童毛衣,True,allowed,,
1037009,311,2,童针织衫,Kids Knitwear,ملابس محبوكة للأطفال,童装 > 童针织衫,True,allowed,,
201552814,311,2,童羽绒服/羽绒内胆,Kids Down Jackets,معاطف أطفال محشوة بالريش,童装 > 童羽绒服/羽绒内胆,False,allowed,,
1037006,311,2,童棉袄/棉服,Kids Cotton Jackets,سترات قطنية للأطفال,童装 > 童棉袄/棉服,True,allowed,,
1042841,311,2,童马甲,Kids Vests,صدريات أطفال,童装 > 童马甲,True,allowed,,
127164001,311,2,童装杂款包,Kids Clothing Mixed Lots,مجموعات ملابس أطفال مختلطة,童装 > 童装杂款包,True,allowed,,
1037005,311,2,儿童裙（停用）,Kids Skirts (Discontinued),تنانير أطفال (متوقف),童装 > 儿童裙（停用）,True,allowed,,
1037648,311,2,儿童外套/夹克/大衣（停用）,Kids Jackets & Coats (Discontinued),معاطف وأجاكت أطفال (متوقف),童装 > 儿童外套/夹克/大衣（停用）,True,allowed,,
1042754,311,2,儿童家居服（停用）,Kids Homewear (Discontinued),ملابس منزلية أطفال (متوقف),童装 > 儿童家居服（停用）,True,allowed,,
124196006,311,2,童皮衣（停用）,Kids Leather Jackets (Discontinued),سترات جلدية للأطفال (متوقف),童装 > 童皮衣（停用）,True,allowed,,
1037008,311,2,儿童羽绒服/羽绒内胆（停用）,Kids Down Jackets & Liners (Discontinued),سترات ولبادات الأطفال من الريش (متوقف),童装 > 儿童羽绒服/羽绒内胆（停用）,True,allowed,,
122086002,311,2,童旗袍/唐装/民族服装（停用,Kids Traditional Clothes (Discontinued),ملابس تقليدية للأطفال (متوقف),童装 > 童旗袍/唐装/民族服装（停用,True,allowed,,
201545714,311,2,童旗袍/唐装/民族服装,Kids Traditional Clothes,ملابس تقليدية للأطفال,童装 > 童旗袍/唐装/民族服装,False,allowed,,
202057212,311,2,童装加工定制,Kids Clothing Customization,تفصيل ملابس أطفال,童装 > 童装加工定制,False,allowed,,
122478003,312,2,背心、裹胸、抹胸、冰丝袖套,"Vests, Bandeaus & Sleeves",السترات والصدريات والأكمام,内衣 > 背心、裹胸、抹胸、冰丝袖套,False,allowed,,
122450001,312,2,女士内裤,Women's Underwear,ملابس داخلية نسائية,内衣 > 女士内裤,False,allowed,,
201835213,312,2,男士内裤,Men's Underwear,ملابس داخلية رجالية,内衣 > 男士内裤,False,allowed,,
201909602,312,2,丝袜/打底袜,Stockings & Tights,جوارب طويلة وجوارب داخلية,内衣 > 丝袜/打底袜,False,allowed,,
1043349,312,2,袜子,Socks,جوارب,内衣 > 袜子,False,allowed,,
124188007,312,2,文胸,Bras,صدريات,内衣 > 文胸,False,allowed,,
122500001,312,2,睡衣、家居服、睡袍、浴袍,Sleepwear & Robes,ملابس نوم وبيجامات وأرواب,内衣 > 睡衣、家居服、睡袍、浴袍,False,allowed,,
122484001,312,2,塑身内衣,Shapewear,ملابس داخلية مشدودة,内衣 > 塑身内衣,False,allowed,,
122450002,312,2,轻薄材质内衣,Lightweight Underwear,ملابس داخلية خفيفة,内衣 > 轻薄材质内衣,False,allowed,,
202202601,312,2,性感内衣,Lingerie,الملابس الداخلية المثيرة,内衣 > 性感内衣,False,allowed,,
202057216,312,2,内衣礼盒装/套装,Underwear Gift Sets,مجموعات هدايا ملابس داخلية,内衣 > 内衣礼盒装/套装,True,allowed,,
122528003,312,2,胸垫、胸贴、肩带、吊袜带,"Bra Pads, Straps & Garters",حشوات الصدر، الأحزمة، ورباط الجوارب,内衣 > 胸垫、胸贴、肩带、吊袜带,False,allowed,,
202053009,312,2,秋衣秋裤,Thermal Underwear,ملابس داخلية حرارية,内衣 > 秋衣秋裤,False,allowed,,
122558002,312,2,保暖内衣,Thermal Underwear,ملابس داخلية دافئة,内衣 > 保暖内衣,False,allowed,,
1031904,312,2,其他内衣,Other Underwear,ملابس داخلية أخرى,内衣 > 其他内衣,True,allowed,,
202053806,312,2,内衣加工定制,Custom Underwear Processing,تصنيع ملابس داخلية مخصصة,内衣 > 内衣加工定制,False,allowed,,
127464010,54,2,帽子/头巾,Hats & Headscarves,قبعات وأوشحة الرأس,服饰配件、饰品 > 帽子/头巾,False,allowed,,
80,54,2,眼镜及配件,Glasses & Accessories,نظارات وملحقاتها,服饰配件、饰品 > 眼镜及配件,False,allowed,,
127508004,54,2,围巾/丝巾/防晒衣,Scarves/Silk Scarves/Sun Protection Clothing,أوشحة/أوشحة حريرية/ملابس واقية من الشمس,服饰配件、饰品 > 围巾/丝巾/防晒衣,False,allowed,,
127496008,54,2,围巾/帽子/手套 多件套,Scarves/Hats/Gloves Sets,مجموعات أوشحة/قبعات/قفازات,服饰配件、饰品 > 围巾/帽子/手套 多件套,False,allowed,,
127484008,54,2,手套/袖套,Gloves & Sleeves,قفازات وأكمام,服饰配件、饰品 > 手套/袖套,False,allowed,,
127462007,54,2,腰带/腰链/腰封,"Belts, Waist Chains & Corsets",أحزمة، سلاسل الخصر وكورسيهات,服饰配件、饰品 > 腰带/腰链/腰封,False,allowed,,
201564422,54,2,儿童帽子/围巾/手套/配件,Kids Hats/Scarves/Gloves & Accessories,قبعات/أوشحة/قفازات وإكسسوارات أطفال,服饰配件、饰品 > 儿童帽子/围巾/手套/配件,False,allowed,,
201152912,54,2,生活口罩、耳罩,Masks & Ear Covers,أقنعة وغطاءات الأذن,服饰配件、饰品 > 生活口罩、耳罩,False,allowed,,
345,54,2,服装展示道具,Clothing Display Props,أدوات عرض الملابس,服饰配件、饰品 > 服装展示道具,False,allowed,,
127462009,54,2,领部配件,Collar Accessories,إكسسوارات الياقة,服饰配件、饰品 > 领部配件,False,allowed,,
1045423,54,2,服饰配件,Accessories,إكسسوارات,服饰配件、饰品 > 服饰配件,False,allowed,,
127162001,54,2,服饰配件定制,Custom Accessories,إكسسوارات مخصصة,服饰配件、饰品 > 服饰配件定制,True,allowed,,
1752,54,2,发饰、头饰,Hair Accessories & Headwear,إكسسوارات الشعر والقبعات,服饰配件、饰品 > 发饰、头饰,False,allowed,,
201149004,54,2,儿童饰品,Kids Accessories,إكسسوارات أطفال,服饰配件、饰品 > 儿童饰品,False,allowed,,
122706003,54,2,手饰,Hand Jewelry,مجوهرات اليد,服饰配件、饰品 > 手饰,False,allowed,,
122704002,54,2,耳饰,Earrings,أقراط,服饰配件、饰品 > 耳饰,False,allowed,,
122322005,54,2,项饰,Neck Accessories,إكسسوارات الرقبة,服饰配件、饰品 > 项饰,False,allowed,,
1753,54,2,饰品配件,Jewelry Accessories,إكسسوارات المجوهرات,服饰配件、饰品 > 饰品配件,True,allowed,,
201648701,54,2,天然半宝晶石饰品,Natural Semi-precious Stone Jewelry,مجوهرات الأحجار شبه الكريمة الطبيعية,服饰配件、饰品 > 天然半宝晶石饰品,False,allowed,,
127290004,54,2,珠宝饰品,Jewelry,مجوهرات,服饰配件、饰品 > 珠宝饰品,False,allowed,,
201885405,54,2,合成/人工珠宝玉石饰品,Synthetic & Artificial Jewelry,المجوهرات الاصطناعية,服饰配件、饰品 > 合成/人工珠宝玉石饰品,False,allowed,,
201545715,54,2,古风饰品,Traditional Style Accessories,إكسسوارات الطراز التقليدي,服饰配件、饰品 > 古风饰品,False,allowed,,
201308926,54,2,饰品挂饰,Jewelry Charms,تعليقات المجوهرات,服饰配件、饰品 > 饰品挂饰,False,allowed,,
201233908,54,2,半成品饰品配件,Semi-finished Jewelry Accessories,إكسسوارات مجوهرات نصف مصنعة,服饰配件、饰品 > 半成品饰品配件,False,allowed,,
122322004,54,2,衣饰,Clothing & Accessories,ملابس وإكسسوارات,服饰配件、饰品 > 衣饰,False,allowed,,
125740007,54,2,脚饰脐饰及其他饰品,"Foot, Navel & Other Accessories",إكسسوارات القدم والسرة وغيرها,服饰配件、饰品 > 脚饰脐饰及其他饰品,False,allowed,,
201220505,54,2,胸饰,Chest Accessories,إكسسوارات الصدر,服饰配件、饰品 > 胸饰,True,allowed,,
201228407,54,2,背饰,Back Accessories,إكسسوارات الظهر,服饰配件、饰品 > 背饰,True,allowed,,
201221212,54,2,腰部饰品,Waist Accessories,إكسسوارات الخصر,服饰配件、饰品 > 腰部饰品,True,allowed,,
201231105,54,2,穿刺饰品,Piercing Jewelry,مجوهرات ثقب,服饰配件、饰品 > 穿刺饰品,False,allowed,,
1746,54,2,首饰套装,Jewelry Sets,مجموعات المجوهرات,服饰配件、饰品 > 首饰套装,True,allowed,,
1044138,54,2,饰品展示架,Jewelry Displays,حوامل عرض المجوهرات,服饰配件、饰品 > 饰品展示架,True,allowed,,
127174002,54,2,饰品定制,Custom Jewelry,مجوهرات مخصصة,服饰配件、饰品 > 饰品定制,True,allowed,,
1033987,54,2,饰品保养鉴定,Jewelry Care & Appraisal,العناية بالمجوهرات والتقييم,服饰配件、饰品 > 饰品保养鉴定,True,allowed,,
124268003,54,2,表,Watches,ساعات,服饰配件、饰品 > 表,False,allowed,,
125748005,54,2,代理加盟,Agency & Franchise,وكالة وأفران,服饰配件、饰品 > 代理加盟,False,allowed,,
1034448,54,2,服饰项目合作,Accessories Project Cooperation,تعاون مشاريع الإكسسوارات,服饰配件、饰品 > 服饰项目合作,True,allowed,,
201335221,54,2,佛珠/念珠,Prayer Beads,مسبحة,服饰配件、饰品 > 佛珠/念珠,True,blocked,religious,念珠
1045520,1813,2,运动、休闲、传统玩具,"Sports, Leisure & Traditional Toys",ألعاب رياضية وترفيهية وتقليدية,玩具 > 运动、休闲、传统玩具,False,allowed,,
181309,1813,2,益智、科教玩具,Educational & Puzzle Toys,ألعاب تعليمية وألغاز,玩具 > 益智、科教玩具,False,allowed,,
122988002,1813,2,公仔、玩偶、娃娃,Dolls & Plush Toys,دمى وألعاب محشوة,玩具 > 公仔、玩偶、娃娃,False,allowed,,
122962001,1813,2,电动/遥控玩具,Electric & Remote Toys,ألعاب كهربائية وتحكم عن بعد,玩具 > 电动/遥控玩具,False,allowed,,
181302,1813,2,模型玩具,Model Toys,ألعاب النماذج,玩具 > 模型玩具,False,allowed,,
201565322,1813,2,儿童音乐玩具,Kids Musical Toys,ألعاب موسيقية للأطفال,玩具 > 儿童音乐玩具,False,allowed,,
122962004,1813,2,童车、背带,Kids Strollers & Carriers,عربات وحمالات أطفال,玩具 > 童车、背带,False,allowed,,
122984013,1813,2,婴儿玩具,Baby Toys,ألعاب أطفال,玩具 > 婴儿玩具,False,allowed,,
122990003,1813,2,新奇特玩具,Novelty Toys,ألعاب مبتكرة,玩具 > 新奇特玩具,False,allowed,,
122962011,1813,2,过家家玩具,Pretend Play Toys,ألعاب التظاهر,玩具 > 过家家玩具,False,allowed,,
124022002,1813,2,电子/发光玩具,Electronic & Light Toys,ألعاب إلكترونية ومضيئة,玩具 > 电子/发光玩具,False,allowed,,
201160102,1813,2,娃娃及娃娃配件,Dolls & Accessories,دمى وإكسسوارات الدمى,玩具 > 娃娃及娃娃配件,False,allowed,,
127002083,1813,2,积木拼插类玩具,Building Block Toys,ألعاب تركيب المكعبات,玩具 > 积木拼插类玩具,False,allowed,,
1048131,1813,2,充气玩具,Inflatable Toys,ألعاب قابلة للنفخ,玩具 > 充气玩具,False,allowed,,
1045593,1813,2,其他类玩具,Other Toys,ألعاب أخرى,玩具 > 其他类玩具,True,allowed,,
201161304,1813,2,毛绒/布艺公仔玩具,Plush & Fabric Toys,دمى محشوة وأقمشة,玩具 > 毛绒/布艺公仔玩具,False,allowed,,
126482002,1813,2,玩具加工定制,Toy Customization,تخصيص الألعاب,玩具 > 玩具加工定制,True,allowed,,
181312,1813,2,库存玩具,Stock Toys,ألعاب مخزون,玩具 > 库存玩具,True,allowed,,
1043076,1813,2,玩具配件,Toy Accessories,إكسسوارات الألعاب,玩具 > 玩具配件,True,allowed,,
1031795,1813,2,玩具代理加盟,Toy Franchise,امتياز ألعاب,玩具 > 玩具代理加盟,True,allowed,,
124736019,1813,2,正版动漫形象,Official Anime Characters,شخصيات أنمي أصلية,玩具 > 正版动漫形象,True,allowed,,
1031836,1813,2,玩具项目合作,Toy Partnerships,شراكات الألعاب,玩具 > 玩具项目合作,True,allowed,,
1031910,10166,2,连衣裙,Dresses,فساتين,女装 > 连衣裙,True,allowed,,
1031912,10166,2,半身裙,Skirts,تنانير,女装 > 半身裙,True,allowed,,
1031918,10166,2,女式衬衫,Women's Shirts,قمصان نسائية,女装 > 女式衬衫,True,allowed,,
1048256,10166,2,时尚休闲套装,Fashion Casual Sets,طقم كاجوال عصري,女装 > 时尚休闲套装,True,allowed,,
201548801,10166,2,女式职业套装,Women's Workwear,ملابس عمل نسائية,女装 > 女式职业套装,False,allowed,,
201325101,10166,2,女士连体裤/衣,Women's Jumpsuits/Rompers,جمبسوت وملابس نسائية,女装 > 女士连体裤/衣,True,allowed,,
1048182,10166,2,蕾丝衫、雪纺衫,Lace & Chiffon Tops,بلوزات دانتيل وشيفون,女装 > 蕾丝衫、雪纺衫,True,allowed,,
1031919,10166,2,女式T恤,Women's T-Shirts,تيشيرتات نسائية,女装 > 女式T恤,True,allowed,,
201322301,10166,2,女士POLO衫,Women's Polo Shirts,قمصان بولو نسائية,女装 > 女士POLO衫,True,allowed,,
1037021,10166,2,女式卫衣、绒衫,Women's Sweatshirts & Fleece,سويت شيرت وملابس صوفية نسائية,女装 > 女式卫衣、绒衫,True,allowed,,
125746001,10166,2,女式毛衣,Women's Sweaters,كنزات نسائية,女装 > 女式毛衣,False,allowed,,
201723506,10166,2,女士打底,Women's Base Layers,طبقات أساسية نسائية,女装 > 女士打底,False,allowed,,
127386001,10166,2,女式针织衫,Women's Knitwear,ملابس محبوكة نسائية,女装 > 女式针织衫,True,allowed,,
201195601,10166,2,女式防晒衣、防晒服,Women's Sun Protection Clothing,ملابس نسائية للحماية من الشمس,女装 > 女式防晒衣、防晒服,True,allowed,,
1037020,10166,2,小西装,Blazers,السترات,女装 > 小西装,True,allowed,,
201560705,10166,2,女士牛仔外套,Women's Denim Jackets,سترات جينز نسائية,女装 > 女士牛仔外套,True,allowed,,
1036617,10166,2,女式马甲,Women's Vests,صدريات نسائية,女装 > 女式马甲,True,allowed,,
1031920,10166,2,小背心/吊带/抹胸,Tank Tops & Camis,القمصان الداخلية والبلوزات,女装 > 小背心/吊带/抹胸,True,allowed,,
125750002,10166,2,女式夹克/棒球服,Women's Jackets/Baseball Jackets,سترات وبالطو نسائية,女装 > 女式夹克/棒球服,True,allowed,,
125420001,10166,2,女式毛呢外套,Women's Wool Coats,معاطف صوف نسائية,女装 > 女式毛呢外套,True,allowed,,
202057812,10166,2,女式羊绒外套,Women's Cashmere Coats,معاطف كشمير نسائية,女装 > 女式羊绒外套,True,allowed,,
319,10166,2,女式风衣,Women's Trench Coats,معاطف نسائية,女装 > 女式风衣,True,allowed,,
127360010,10166,2,女式羽绒服,Women's Down Jackets,سترات نسائية مبطنة بالريش,女装 > 女式羽绒服,False,allowed,,
127420001,10166,2,女式棉衣,Women's Cotton-padded Clothes,ملابس نسائية مبطنة بالقطن,女装 > 女式棉衣,False,allowed,,
1037019,10166,2,女式皮衣,Women's Leather Jackets,سترات جلدية نسائية,女装 > 女式皮衣,True,allowed,,
1031917,10166,2,其他短外套,Other Short Jackets,سترات قصيرة أخرى,女装 > 其他短外套,True,allowed,,
304,10166,2,皮草,Fur Clothing,ملابس فرو,女装 > 皮草,True,allowed,,
125748001,10166,2,女式休闲裤,Women's Casual Pants,بنطلونات كاجوال نسائية,女装 > 女式休闲裤,False,allowed,,
201585902,10166,2,女士短裤,Women's Shorts,شورتات نسائية,女装 > 女士短裤,True,allowed,,
201547109,10166,2,女士卫裤,Women's Sweatpants,بنطلونات رياضية نسائية,女装 > 女士卫裤,True,allowed,,
1031869,10166,2,女式牛仔裤,Women's Jeans,جينز نسائي,女装 > 女式牛仔裤,True,allowed,,
127380008,10166,2,女式打底裤,Women's Leggings,بنطلونات ضيقة نسائية,女装 > 女式打底裤,False,allowed,,
202041302,10166,2,汉服,Hanfu Clothing,ملابس هانفو,女装 > 汉服,False,allowed,,
202050901,10166,2,洛丽塔Lolita,Lolita,Lolita,女装 > 洛丽塔Lolita,False,allowed,,
201217707,10166,2,二次元动漫服装/配件,Anime Clothing & Accessories,ملابس وإكسسوارات أنمي,女装 > 二次元动漫服装/配件,False,allowed,,
127372010,10166,2,大码女装,Plus Size Women's Wear,ملابس نسائية مقاسات كبيرة,女装 > 大码女装,False,allowed,,
202025703,10166,2,中老年女装,Middle-aged & Elderly Women's Wear,ملابس نسائية للمتوسطين وكبار السن,女装 > 中老年女装,False,allowed,,
125740002,10166,2,婚纱/礼服/旗袍,Wedding Dresses / Gowns / Qipao,فساتين زفاف / فساتين سهرة / تشيباو,女装 > 婚纱/礼服/旗袍,False,allowed,,
201158403,10166,2,国际民族服装,International Ethnic Clothing,ملابس عرقية دولية,女装 > 国际民族服装,False,allowed,,
202050801,10166,2,女式唐装,Women's Tang Suits,ملابس تانغ نسائية,女装 > 女式唐装,False,allowed,,
201548301,10166,2,JK制服,JK Uniforms,زي JK,女装 > JK制服,False,allowed,,
201548401,10166,2,工作/工装制服,Workwear & Uniforms,ملابس العمل والزي الرسمي,女装 > 工作/工装制服,False,allowed,,
201548501,10166,2,舞台表演服,Stage Performance Costumes,أزياء الأداء المسرحي,女装 > 舞台表演服,False,allowed,,
201548601,10166,2,情侣服装,Couple Clothing,ملابس الأزواج,女装 > 情侣服装,False,allowed,,
125750001,10166,2,女装杂款,Women's Clothing Miscellaneous,ملابس نسائية متنوعة,女装 > 女装杂款,False,allowed,,
290303,10166,2,服装项目合作,Garment Project Cooperation,تعاون مشاريع الملابس,女装 > 服装项目合作,True,allowed,,
122196004,10166,2,孕妇装,Maternity Wear,ملابس حوامل,女装 > 孕妇装,False,allowed,,
201159103,10166,2,禅茶服/禅舞服,Zen Tea & Dance Wear,ملابس الزن للشاي والرقص,女装 > 禅茶服/禅舞服,True,allowed,,
202052806,10166,2,少数民族服饰,Ethnic Clothing,ملابس عرقية,女装 > 少数民族服饰,False,allowed,,
202056910,10166,2,女装加工定制,Custom Women's Clothing Manufacturing,تصنيع ملابس نسائية حسب الطلب,女装 > 女装加工定制,False,allowed,,
10041,2,2,茶叶,Tea Leaves,شاي,食品酒水 > 茶叶,False,allowed,,
1048224,2,2,传统滋补品,Traditional Supplements,مكملات تقليدية,食品酒水 > 传统滋补品,False,allowed,,
201164002,2,2,药食同源,Medicinal & Edible,طبي وطعام,食品酒水 > 药食同源,False,review,medicine,药
201330404,2,2,咖啡,Coffee,قهوة,食品酒水 > 咖啡,False,allowed,,
124744016,2,2,果干蜜饯,Dried Fruits & Candied Fruits,فواكه مجففة ومعلبة,食品酒水 > 果干蜜饯,False,allowed,,
124734016,2,2,坚果炒货,Nuts and Roasted Seeds,مكسرات وبذور محمصة,食品酒水 > 坚果炒货,False,allowed,,
124736016,2,2,糕点点心,Pastries & Snacks,المعجنات والوجبات الخفيفة,食品酒水 > 糕点点心,False,allowed,,
124734017,2,2,饼干膨化,Snacks & Puffing,بسكويت ومنتجات منفوشة,食品酒水 > 饼干膨化,False,allowed,,
124746011,2,2,糖果,Candy & Sweets,الحلويات,食品酒水 > 糖果,False,allowed,,
1032906,2,2,巧克力,Chocolate,شوكولاتة,食品酒水 > 巧克力,True,allowed,,
124742009,2,2,肉类零食,Meat Snacks,وجبات خفيفة من اللحوم,食品酒水 > 肉类零食,False,allowed,,
124742010,2,2,水产零食,Seafood Snacks,وجبات خفيفة بحرية,食品酒水 > 水产零食,False,allowed,,
124742011,2,2,即食豆制品,Ready-to-eat Soy Products,منتجات الصويا الجاهزة,食品酒水 > 即食豆制品,False,allowed,,
124734018,2,2,果冻布丁,Jelly & Pudding,جيلاتين وبودينغ,食品酒水 > 果冻布丁,False,allowed,,
124744009,2,2,固态乳制品,Solid Dairy Products,منتجات ألبان صلبة,食品酒水 > 固态乳制品,False,allowed,,
10071,2,2,酒类,Alcoholic Beverages,المشروبات الكحولية,食品酒水 > 酒类,False,blocked,alcohol,酒类
10077,2,2,水、饮料,Water & Beverages,مياه ومشروبات,食品酒水 > 水、饮料,False,allowed,,
201164102,2,2,冲调饮品,Instant Beverages,مشروبات سريعة التحضير,食品酒水 > 冲调饮品,False,allowed,,
1047204,2,2,液体乳,Liquid Milk,حليب سائل,食品酒水 > 液体乳,False,allowed,,
1032068,2,2,冷饮,Cold Drinks,مشروبات باردة,食品酒水 > 冷饮,True,allowed,,
124734006,2,2,蜂产品,Bee Products,منتجات النحل,食品酒水 > 蜂产品,False,allowed,,
124740001,2,2,普通膳食营养补充剂,General Dietary Supplements,مكملات غذائية عامة,食品酒水 > 普通膳食营养补充剂,False,allowed,,
201275639,2,2,特殊用途膳食营养补充剂,Special Dietary Supplements,مكملات غذائية خاصة,食品酒水 > 特殊用途膳食营养补充剂,False,allowed,,
1048285,2,2,保健食品,Health Foods,أغذية صحية,食品酒水 > 保健食品,True,allowed,,
124742005,2,2,婴幼儿辅食,Baby Food Supplements,مكملات غذائية للأطفال,食品酒水 > 婴幼儿辅食,False,allowed,,
124734007,2,2,婴幼儿零食,Baby Snacks,وجبات خفيفة للأطفال,食品酒水 > 婴幼儿零食,False,allowed,,
124746009,2,2,婴幼儿配方粉,Infant Formula,حليب أطفال مجفف,食品酒水 > 婴幼儿配方粉,False,allowed,,
124740008,2,2,成人奶粉,Adult Milk Powder,حليب بودرة للبالغين,食品酒水 > 成人奶粉,False,allowed,,
1032905,2,2,其他休闲食品,Other Snacks,وجبات خفيفة أخرى,食品酒水 > 其他休闲食品,True,allowed,,
1031791,2,2,食品饮料代理加盟,Food & Beverage Franchises,وكالات ومنح امتياز الطعام والشراب,食品酒水 > 食品饮料代理加盟,True,allowed,,
290302,2,2,食品饮料项目合作,Food & Beverage Partnerships,شراكات مشاريع الطعام والشراب,食品酒水 > 食品饮料项目合作,True,allowed,,
121828001,122916001,2,猫狗用品,Cat and Dog Supplies,مستلزمات القطط والكلاب,宠物及园艺 > 猫狗用品,False,allowed,,
121792003,122916001,2,宠物活体,Live Pets,الحيوانات الأليفة الحية,宠物及园艺 > 宠物活体,False,allowed,,
201305503,122916001,2,宠物服饰、配饰,Pet Apparel & Accessories,ملابس وإكسسوارات الحيوانات الأليفة,宠物及园艺 > 宠物服饰、配饰,False,allowed,,
121850001,122916001,2,猫/狗美容清洁用品,Cat/Dog Grooming,منتجات تنظيف وتجميل القطط/الكلاب,宠物及园艺 > 猫/狗美容清洁用品,False,allowed,,
125270017,122916001,2,宠物医药,Pet Medicine,أدوية الحيوانات الأليفة,宠物及园艺 > 宠物医药,False,review,medicine,药
125278008,122916001,2,宠物保健品,Pet Health Products,منتجات صحة الحيوانات الأليفة,宠物及园艺 > 宠物保健品,False,allowed,,
121786003,122916001,2,水族世界,Aquarium Supplies,مستلزمات الأحواض المائية,宠物及园艺 > 水族世界,False,allowed,,
121814002,122916001,2,小宠及用品,Small Pets & Supplies,الحيوانات الصغيرة ومستلزماتها,宠物及园艺 > 小宠及用品,False,allowed,,
202055518,122916001,2,猫/狗主粮,Cat/Dog Food,طعام القطط/الكلاب,宠物及园艺 > 猫/狗主粮,False,allowed,,
202055517,122916001,2,猫/狗零食,Cat/Dog Snacks,وجبات خفيفة للقطط/الكلاب,宠物及园艺 > 猫/狗零食,False,allowed,,
201232602,122916001,2,宠物智能设备,Pet Smart Devices,أجهزة ذكية للحيوانات الأليفة,宠物及园艺 > 宠物智能设备,False,allowed,,
121776006,122916001,2,其他宠物用品,Other Pet Supplies,مستلزمات حيوانات أليفة أخرى,宠物及园艺 > 其他宠物用品,False,allowed,,
124,122916001,2,园林植物,Garden Plants,نباتات الحدائق,宠物及园艺 > 园林植物,False,allowed,,
125484002,122916001,2,种子、种苗及种球,Seeds & Seedlings,بذور وغراس وزهور,宠物及园艺 > 种子、种苗及种球,False,allowed,,
125496001,122916001,2,花盆、花瓶,Flower Pots & Vases,أواني وزهور,宠物及园艺 > 花盆、花瓶,False,allowed,,
125492001,122916001,2,盆栽、盆景,Potted Plants & Bonsai,نباتات مزروعة وبونساي,宠物及园艺 > 盆栽、盆景,False,allowed,,
125492002,122916001,2,花卉,Flowers,زهور,宠物及园艺 > 花卉,False,allowed,,
125,122916001,2,园林资材,Garden Supplies,مستلزمات الحدائق,宠物及园艺 > 园林资材,False,allowed,,
1045486,122916001,2,林业及园林业副产品,Forestry & Gardening Byproducts,منتجات فرعية للغابات والبستنة,宠物及园艺 > 林业及园林业副产品,False,allowed,,
1212,122916002,2,影音导航,Audio & Navigation,الصوت والملاحة,汽车用品 > 影音导航,False,allowed,,
92,122916002,2,汽车内饰用品,Car Interior Accessories,إكسسوارات داخلية للسيارات,汽车用品 > 汽车内饰用品,False,allowed,,
3307,122916002,2,座垫脚垫,Cushions & Mats,وسائد وسجاد,汽车用品 > 座垫脚垫,False,allowed,,
3312,122916002,2,车载电器,Car Electronics,إلكترونيات السيارات,汽车用品 > 车载电器,False,allowed,,
201888805,122916002,2,汽车内饰改装,Car Interior Modification,تعديل داخلية السيارات,汽车用品 > 汽车内饰改装,False,allowed,,
3308,122916002,2,外饰/改装/配件,Exterior/Modification/Accessories,الزينة الخارجية/التعديل/الإكسسوارات,汽车用品 > 外饰/改装/配件,False,allowed,,
3311,122916002,2,安全/应急/自驾,Safety / Emergency / Driving,السلامة / الطوارئ / القيادة,汽车用品 > 安全/应急/自驾,False,allowed,,
79,122916002,2,美容养护,Beauty Care,العناية بالجمال,汽车用品 > 美容养护,False,allowed,,
201355911,122916002,2,整车,Complete Vehicles,مركبات كاملة,汽车用品 > 整车,False,allowed,,
124014003,122916002,2,汽车配件,Car Parts,قطع غيار السيارات,汽车用品 > 汽车配件,False,allowed,,
10104,122916002,2,车身及附件,Car Body & Accessories,هيكل السيارة والملحقات,汽车用品 > 车身及附件,False,allowed,,
1231,122916002,2,电动车,Electric Vehicles,مركبات كهربائية,汽车用品 > 电动车,False,allowed,,
3304,122916002,2,摩托车配附件,Motorcycle Accessories,ملحقات الدراجات النارية,汽车用品 > 摩托车配附件,False,allowed,,
10108,122916002,2,车灯,Car Lights,أضواء السيارات,汽车用品 > 车灯,False,allowed,,
10220,58,2,灯具灯饰,Lighting Fixtures,تركيبات الإضاءة,灯饰照明 > 灯具灯饰,False,allowed,,
1330,58,2,台灯夜灯,Desk & Night Lamps,مصابيح المكتب والليل,灯饰照明 > 台灯夜灯,False,allowed,,
201903201,58,2,无主灯照明,Recessed Lighting,إضاءة مدمجة,灯饰照明 > 无主灯照明,False,allowed,,
10217,58,2,室外照明灯具,Outdoor Lighting,إضاءة خارجية,灯饰照明 > 室外照明灯具,False,allowed,,
201270263,58,2,商业照明,Commercial Lighting,الإضاءة التجارية,灯饰照明 > 商业照明,False,allowed,,
201303723,58,2,LED灯串,LED String Lights,أضواء LED على شكل سلسلة,灯饰照明 > LED灯串,False,allowed,,
124268005,58,2,照明电筒,Flashlights,مصابيح يدوية,灯饰照明 > 照明电筒,False,allowed,,
121192010,58,2,独立光源,Independent Light Sources,مصادر ضوء مستقلة,灯饰照明 > 独立光源,False,allowed,,
527,58,2,气体放电灯,Gas Discharge Lamps,مصابيح تفريغ الغاز,灯饰照明 > 气体放电灯,False,allowed,,
1034964,58,2,专门用途灯具,Special Purpose Lighting,إضاءات لأغراض خاصة,灯饰照明 > 专门用途灯具,False,allowed,,
1034967,58,2,指示灯具,Indicator Lights,أضواء الإشارة,灯饰照明 > 指示灯具,False,allowed,,
123618004,58,2,LED广告标识,LED Advertising Signs,لافتات إعلانية LED,灯饰照明 > LED广告标识,False,allowed,,
123612008,58,2,LED显示屏,LED Displays,شاشات LED,灯饰照明 > LED显示屏,False,allowed,,
1035087,58,2,冷光源,Cold Light Sources,مصادر الضوء البارد,灯饰照明 > 冷光源,False,allowed,,
10227,58,2,灯具配附件,Lighting Accessories,ملحقات الإضاءة,灯饰照明 > 灯具配附件,False,allowed,,
1035250,58,2,电光源材料,Electric Light Materials,مواد الإضاءة الكهربائية,灯饰照明 > 电光源材料,False,allowed,,
123620004,58,2,LED原料与辅料,LED Materials & Accessories,مواد وإكسسوارات LED,灯饰照明 > LED原料与辅料,False,allowed,,
123616005,58,2,LED外延及芯片,LED Epitaxy & Chips,رقائق وطبقات LED,灯饰照明 > LED外延及芯片,False,allowed,,
123610013,58,2,LED封装器件,LED Packaging Components,مكونات تغليف LED,灯饰照明 > LED封装器件,False,allowed,,
123616020,58,2,LED照明模组,LED Lighting Modules,وحدات إضاءة LED,灯饰照明 > LED照明模组,False,allowed,,
123616010,58,2,LED驱动与控制,LED Drivers & Controllers,محركات ومتحكمات LED,灯饰照明 > LED驱动与控制,False,allowed,,
123608008,58,2,LED背光源,LED Backlights,إضاءة خلفية LED,灯饰照明 > LED背光源,False,allowed,,
123620013,58,2,LED生产及检测设备,LED Production & Testing Equipment,معدات إنتاج وفحص LED,灯饰照明 > LED生产及检测设备,False,allowed,,
10219,58,2,白炽灯,Incandescent Lamps,مصابيح متوهجة,灯饰照明 > 白炽灯,False,allowed,,
123612012,58,2,OLED,OLED,OLED,灯饰照明 > OLED,False,allowed,,
122250002,58,2,其他LED,Other LED,إضاءات LED أخرى,灯饰照明 > 其他LED,False,allowed,,
123616014,58,2,LED配套服务,LED Support Services,خدمات دعم LED,灯饰照明 > LED配套服务,False,allowed,,
1034962,58,2,其他照明工业,Other Lighting Industry,صناعة الإضاءة الأخرى,灯饰照明 > 其他照明工业,True,allowed,,
1034981,58,2,照明器材项目合作,Lighting Equipment Partnerships,شراكات معدات الإضاءة,灯饰照明 > 照明器材项目合作,True,allowed,,
1034980,58,2,库存照明器材,Stock Lighting Equipment,معدات إضاءة مخزون,灯饰照明 > 库存照明器材,True,allowed,,
315,10165,2,男式T恤,Men's T-Shirts,تيشيرتات رجالية,男装 > 男式T恤,True,allowed,,
202178300,10165,2,男式打底衫,Men's Base Layer Shirts,قمصان داخلية رجالية,男装 > 男式打底衫,True,allowed,,
122232007,10165,2,男式Polo衫,Men's Polo Shirts,قمصان بولو رجالية,男装 > 男式Polo衫,True,allowed,,
314,10165,2,男式衬衫,Men's Shirts,قمصان رجالية,男装 > 男式衬衫,True,allowed,,
123650006,10165,2,男式毛衫,Men's Sweaters,كنزات رجالية,男装 > 男式毛衫,False,allowed,,
127420010,10165,2,广告衫,Promotional Shirts,قمصان ترويجية,男装 > 广告衫,False,allowed,,
127442001,10165,2,情侣装/情侣服,Couple Wear,ملابس الأزواج,男装 > 情侣装/情侣服,True,allowed,,
123682003,10165,2,男式马甲,Men's Waistcoats,صدريات رجالية,男装 > 男式马甲,False,allowed,,
127422009,10165,2,男式防晒衣、皮肤衣,Men's Sun Protection & Skin Jackets,ملابس واقية من الشمس للرجال,男装 > 男式防晒衣、皮肤衣,True,allowed,,
122238007,10165,2,男式休闲运动套装,Men's Casual Sportswear,ملابس رياضية رجالية كاجوال,男装 > 男式休闲运动套装,True,allowed,,
122196008,10165,2,男式背心,Men's Vests,صدريات رجالية,男装 > 男式背心,True,allowed,,
317,10165,2,男式夹克,Men's Jackets,سترات رجالية,男装 > 男式夹克,True,allowed,,
123694002,10165,2,男式皮衣,Men's Leather Jackets,جاكيتات جلدية رجالية,男装 > 男式皮衣,False,allowed,,
123694001,10165,2,男式西装,Men's Suits,بدل رجالية,男装 > 男式西装,False,allowed,,
1036995,10165,2,男式卫衣,Men's Sweatshirts,سويت شيرت رجالي,男装 > 男式卫衣,True,allowed,,
1031889,10165,2,男式西裤,Men's Dress Pants,سراويل رسمية رجالية,男装 > 男式西裤,True,allowed,,
1031897,10165,2,男式风衣,Men's Trench Coats,معاطف ترنش رجالية,男装 > 男式风衣,True,allowed,,
122194006,10165,2,男式大衣,Men's Coats,معاطف رجالية,男装 > 男式大衣,True,allowed,,
1034163,10165,2,男式羽绒服,Men's Down Jackets,جاكيتات داون رجالية,男装 > 男式羽绒服,True,allowed,,
1031892,10165,2,男式棉服,Men's Cotton-Padded Clothes,ملابس مبطنة بالقطن رجالية,男装 > 男式棉服,True,allowed,,
201546513,10165,2,动漫二次元服装,Anime & 2D Clothing,ملابس أنمي وثنائية الأبعاد,男装 > 动漫二次元服装,False,allowed,,
201378222,10165,2,男式民族服装,Men's Ethnic Wear,ملابس عرقية رجالية,男装 > 男式民族服装,False,allowed,,
1042833,10165,2,中山装、唐装、民族服装,"Zhongshan, Tang & Ethnic Clothing",ملابس تشونغشان، تانغ والملابس القومية,男装 > 中山装、唐装、民族服装,True,allowed,,
1031888,10165,2,男式牛仔裤,Men's Jeans,جينز رجالي,男装 > 男式牛仔裤,True,allowed,,
1031890,10165,2,男式休闲裤,Men's Casual Pants,سراويل رجالية كاجوال,男装 > 男式休闲裤,True,allowed,,
201561908,10165,2,男式短裤,Men's Shorts,شورتات رجالية,男装 > 男式短裤,False,allowed,,
127160001,10165,2,男装杂款包,Men's Clothing Mixed Lots,ملابس رجالية مختلطة,男装 > 男装杂款包,True,allowed,,
201473006,10165,2,中老年男装,Middle-aged & Elderly Men's Wear,ملابس رجالية للمتوسطين وكبار السن,男装 > 中老年男装,False,allowed,,
1036996,10165,2,男式沙滩裤,Men's Beach Shorts,شورتات شاطئ رجالية,男装 > 男式沙滩裤,True,allowed,,
123688001,10165,2,男式棒球服,Men's Baseball Jackets,جاكيتات بيسبول رجالية,男装 > 男式棒球服,True,allowed,,
201559512,10165,2,男式加绒裤,Men's Fleece Pants,سراويل مبطنة رجالية,男装 > 男式加绒裤,False,allowed,,
123698001,10165,2,男式羽绒裤,Men's Down Pants,سراويل داون رجالية,男装 > 男式羽绒裤,True,allowed,,
127446001,10165,2,男式皮裤,Men's Leather Pants,سراويل جلدية رجالية,男装 > 男式皮裤,True,allowed,,
127444001,10165,2,男式棉裤,Men's Cotton Pants,سراويل قطنية رجالية,男装 > 男式棉裤,True,allowed,,
201470102,10165,2,大码男装,Plus Size Men's Wear,ملابس رجالية مقاسات كبيرة,男装 > 大码男装,False,allowed,,
201465302,10165,2,男式卫裤,Men's Sweatpants,سراويل رياضية رجالية,男装 > 男式卫裤,True,allowed,,
124450001,10165,2,工装、制服,Workwear & Uniforms,ملابس العمل والزي الرسمي,男装 > 工装、制服,True,allowed,,
202056512,10165,2,男装加工定制,Men's Clothing Customization,تفصيل ملابس رجالية,男装 > 男装加工定制,False,allowed,,
3168800007337,57,2,PCBA/模块,PCBA & Modules,لوحات دوائر إلكترونية ووحدات,电子元器件 > PCBA/模块,False,allowed,,
3168800009988,57,2,电路板/线路板,Circuit Boards,لوحات الدوائر,电子元器件 > 电路板/线路板,False,allowed,,
3168800009666,57,2,传感器,Sensors,أجهزة الاستشعار,电子元器件 > 传感器,False,allowed,,
3168800007867,57,2,音频器件,Audio Devices,أجهزة الصوت,电子元器件 > 音频器件,False,allowed,,
3168800015952,57,2,无源元件,Passive Components,مكونات سلبية,电子元器件 > 无源元件,False,allowed,,
3168800007615,57,2,屏显器件,Display Devices,أجهزة العرض,电子元器件 > 屏显器件,False,allowed,,
3168800015928,57,2,半导体IC/芯片,Semiconductor IC/Chips,رقائق/دوائر متكاملة أشباه الموصلات,电子元器件 > 半导体IC/芯片,False,allowed,,
3168800015986,57,2,连接器/互联器件,Connectors & Interconnects,موصلات وأجهزة الربط,电子元器件 > 连接器/互联器件,False,allowed,,
3168800002021,57,2,连接器,Connectors,موصلات,电子元器件 > 连接器,False,allowed,,
3168800007612,57,2,电路保护,Circuit Protection,حماية الدوائر,电子元器件 > 电路保护,False,allowed,,
3168800008232,57,2,继电器(电子),Relays (Electronics),المرحلات (إلكترونيات),电子元器件 > 继电器(电子),False,allowed,,
3168800007607,57,2,光电子器件,Optoelectronic Devices,أجهزة بصرية إلكترونية,电子元器件 > 光电子器件,False,allowed,,
3168800007605,57,2,二极管,Diodes,دايودات,电子元器件 > 二极管,False,allowed,,
3168800010521,57,2,嵌入式系统开发工具,Embedded System Dev Tools,أدوات تطوير الأنظمة المدمجة,电子元器件 > 嵌入式系统开发工具,False,allowed,,
3168800007604,57,2,电容器,Capacitors,مكثفات,电子元器件 > 电容器,False,allowed,,
3168800010276,57,2,开关元件,Switch Components,مكونات المفاتيح,电子元器件 > 开关元件,False,allowed,,
3168800003647,57,2,物联网IOT,IoT,إنترنت الأشياء,电子元器件 > 物联网IOT,False,allowed,,
3168800002771,57,2,滤波器,Filters,مرشحات,电子元器件 > 滤波器,False,allowed,,
3168800002785,57,2,频率元件,Frequency Components,مكونات التردد,电子元器件 > 频率元件,False,allowed,,
3168800003876,57,2,工业通讯,Industrial Communications,الاتصالات الصناعية,电子元器件 > 工业通讯,False,allowed,,
3168800004483,57,2,对讲通信,Intercom & Communication,الاتصال الداخلي,电子元器件 > 对讲通信,False,allowed,,
3168800010616,57,2,天线,Antennas,هوائيات,电子元器件 > 天线,False,allowed,,
3168800010376,57,2,接续设备,Connection Devices,أجهزة التوصيل,电子元器件 > 接续设备,False,allowed,,
3168800009861,57,2,布线产品,Wiring Products,منتجات التوصيل الكهربائي,电子元器件 > 布线产品,False,allowed,,
3168800006805,57,2,电源模块,Power Modules,وحدات الطاقة,电子元器件 > 电源模块,False,allowed,,
3168800010522,57,2,传输、交换设备,Transmission & Switching Equipment,معدات النقل والتبديل,电子元器件 > 传输、交换设备,False,allowed,,
3168800007609,57,2,整流器,Rectifiers,مقوم,电子元器件 > 整流器,False,allowed,,
3168800007608,57,2,晶体管,Transistors,ترانزستورات,电子元器件 > 晶体管,False,allowed,,
3168800015943,57,2,场效应管(MOSFET),MOSFET,MOSFET,电子元器件 > 场效应管(MOSFET),False,allowed,,
3168800007610,57,2,晶闸管(可控硅),Thyristors (SCR),ثايرستور (SCR),电子元器件 > 晶闸管(可控硅),False,allowed,,
3168800015946,57,2,声讯系统,Audio Systems,أنظمة الصوت,电子元器件 > 声讯系统,True,allowed,,
3168800015860,57,2,GPS系统,GPS Systems,أنظمة GPS,电子元器件 > GPS系统,True,allowed,,
3168800015950,57,2,库存电子元器件、材料,Stock Electronic Components & Materials,مكونات إلكترونية ومواد مخزون,电子元器件 > 库存电子元器件、材料,True,allowed,,
3168800015961,57,2,电子项目合作,Electronic Project Cooperation,تعاون مشاريع إلكترونية,电子元器件 > 电子项目合作,True,allowed,,
3168800015960,57,2,电子代理加盟,Electronics Agency,وكالة إلكترونيات,电子元器件 > 电子代理加盟,True,allowed,,
3168800009283,53,2,广告、展览器材,Advertising & Exhibition Equipment,معدات الإعلان والمعارض,传媒、广电 > 广告、展览器材,False,allowed,,
3168800013959,53,2,舞台设备,Stage Equipment,معدات المسرح,传媒、广电 > 舞台设备,False,allowed,,
3168800006582,53,2,传媒设备及配件,Media Equipment & Accessories,معدات الإعلام والملحقات,传媒、广电 > 传媒设备及配件,False,allowed,,
3417,53,2,光学摄影器材,Optical Photography Equipment,معدات تصوير فوتوغرافي بصرية,传媒、广电 > 光学摄影器材,False,allowed,,
3168800013910,53,2,光学摄像器材,Optical Video Equipment,معدات تصوير بصرية,传媒、广电 > 光学摄像器材,False,allowed,,
3168800013954,53,2,编辑制作设备,Editing & Production Equipment,معدات التحرير والإنتاج,传媒、广电 > 编辑制作设备,False,allowed,,
3168800013931,53,2,播出、前端设备,Broadcast & Front-end,معدات البث والواجهة,传媒、广电 > 播出、前端设备,False,allowed,,
3168800013939,53,2,无线微波设备,Wireless Microwave Equipment,معدات الميكروويف اللاسلكية,传媒、广电 > 无线微波设备,False,allowed,,
3168800013943,53,2,有线光缆设备,Wired Optical Cable Equipment,معدات الكابلات البصرية السلكية,传媒、广电 > 有线光缆设备,False,allowed,,
3168800013948,53,2,有线线缆设备,Wired Cable Equipment,معدات الكابلات السلكية,传媒、广电 > 有线线缆设备,False,allowed,,
3168800013907,53,2,IP设备,IP Devices,أجهزة IP,传媒、广电 > IP设备,False,allowed,,
3168800013922,53,2,公共广播系统,Public Broadcasting Systems,أنظمة البث العامة,传媒、广电 > 公共广播系统,True,allowed,,
3168800013923,53,2,其他传媒、广电设备,Other Media & Broadcasting Equipment,معدات إعلام وبث أخرى,传媒、广电 > 其他传媒、广电设备,True,allowed,,
3168800013909,53,2,传媒、广电项目合作,Media & Broadcasting Projects,مشاريع الإعلام والبث,传媒、广电 > 传媒、广电项目合作,True,allowed,,
3168800013952,53,2,篷房,Tents & Canopies,خيام ومظلات,传媒、广电 > 篷房,False,allowed,,
3168800003418,70,2,安防监控设备,Security & Surveillance,الأمن والمراقبة,安全、防护 > 安防监控设备,False,allowed,,
1041269,70,2,监控传输设备,Surveillance Transmission,معدات نقل المراقبة,安全、防护 > 监控传输设备,False,allowed,,
3168800015184,70,2,监控记录设备,Surveillance Recording,معدات تسجيل المراقبة,安全、防护 > 监控记录设备,False,allowed,,
3168800015239,70,2,防盗报警设备,Anti-Theft Alarm Systems,أنظمة إنذار ضد السرقة,安全、防护 > 防盗报警设备,False,allowed,,
3168800015132,70,2,楼宇对讲设备,Intercom Systems,أنظمة الاتصال الداخلي,安全、防护 > 楼宇对讲设备,False,allowed,,
3168800015217,70,2,门禁考勤器材及系统,Access Control & Attendance Systems,أنظمة التحكم في الدخول والحضور,安全、防护 > 门禁考勤器材及系统,False,allowed,,
3168800015126,70,2,智能卡,Smart Cards,بطاقات ذكية,安全、防护 > 智能卡,False,allowed,,
3168800015152,70,2,消防设备,Firefighting Equipment,معدات مكافحة الحرائق,安全、防护 > 消防设备,False,allowed,,
3168800003664,70,2,安全标识,Safety Signs,لافتات السلامة,安全、防护 > 安全标识,False,allowed,,
3168800008824,70,2,交通安全设施,Traffic Safety Equipment,معدات سلامة المرور,安全、防护 > 交通安全设施,False,allowed,,
3168800015054,70,2,交通控制管理设备,Traffic Control Equipment,معدات التحكم المروري,安全、防护 > 交通控制管理设备,False,allowed,,
3168800015060,70,2,交通检测设备,Traffic Inspection Equipment,معدات فحص المرور,安全、防护 > 交通检测设备,False,allowed,,
3168800015090,70,2,安全防护产品项目合作,Safety Protection Product Partnerships,شراكات منتجات الحماية والسلامة,安全、防护 > 安全防护产品项目合作,True,allowed,,
3168800015123,70,2,智能交通,Intelligent Transportation,النقل الذكي,安全、防护 > 智能交通,False,allowed,,
3168800012450,70,2,家居智能,Smart Home,المنزل الذكي,安全、防护 > 家居智能,False,allowed,,
3168800015079,70,2,安全检查设备,Safety Inspection Equipment,معدات فحص السلامة,安全、防护 > 安全检查设备,False,allowed,,
3168800015226,70,2,防爆器材,Explosion-Proof Equipment,معدات مقاومة الانفجار,安全、防护 > 防爆器材,False,allowed,,
3168800015175,70,2,生物识别技术设备,Biometric Equipment,معدات القياسات الحيوية,安全、防护 > 生物识别技术设备,False,allowed,,
3168800015248,70,2,防雷电设备,Lightning Protection Equipment,معدات الحماية من الصواعق,安全、防护 > 防雷电设备,False,allowed,,
3168800015065,70,2,信息安全产品,Information Security Products,منتجات أمن المعلومات,安全、防护 > 信息安全产品,False,allowed,,
3168800015201,70,2,自然灾害防护,Disaster Protection,حماية من الكوارث الطبيعية,安全、防护 > 自然灾害防护,False,allowed,,
3168800015247,70,2,防身护具,Personal Protection Gear,معدات الحماية الشخصية,安全、防护 > 防身护具,True,allowed,,
3168800015112,70,2,救生器材,Life-saving Equipment,معدات الإنقاذ,安全、防护 > 救生器材,False,allowed,,
3168800015100,70,2,库存、二手安防产品,Stock & Used Security Products,منتجات أمنية مستعملة ومخزون,安全、防护 > 库存、二手安防产品,False,allowed,,
3168800015067,70,2,其他安全防护设备,Other Safety Equipment,معدات سلامة أخرى,安全、防护 > 其他安全防护设备,True,allowed,,
3168800015102,70,2,报警器,Alarms,أجهزة الإنذار,安全、防护 > 报警器,False,allowed,,
3168800003290,70,2,工业及商用清洁,Industrial & Commercial Cleaning,التنظيف الصناعي والتجاري,安全、防护 > 工业及商用清洁,False,allowed,,
3168800005377,70,2,工业加湿器,Industrial Humidifiers,مرطبات صناعية,安全、防护 > 工业加湿器,False,allowed,,
3168800015092,70,2,室内安全检测,Indoor Safety Testing,اختبار السلامة الداخلية,安全、防护 > 室内安全检测,False,allowed,,
3168800015137,70,2,气体检测仪,Gas Detectors,أجهزة كشف الغاز,安全、防护 > 气体检测仪,False,allowed,,
3168800015072,70,2,头部防护,Head Protection,حماية الرأس,安全、防护 > 头部防护,False,allowed,,
3168800002732,70,2,呼吸防护,Respiratory Protection,حماية التنفس,安全、防护 > 呼吸防护,False,allowed,,
3168800015284,70,2,面部防护,Facial Protection,حماية الوجه,安全、防护 > 面部防护,False,allowed,,
3168800003608,70,2,身体防护,Body Protection,حماية الجسم,安全、防护 > 身体防护,False,allowed,,
3168800015151,70,2,洗眼器,Eyewash Stations,محطات غسل العين,安全、防护 > 洗眼器,True,allowed,,
3168800015216,70,2,软梯、逃生梯,Soft Ladders & Escape Ladders,سلالم ناعمة وسلالم هروب,安全、防护 > 软梯、逃生梯,True,allowed,,
1033206,70,2,其他作业保护,Other Work Protection,حماية العمل الأخرى,安全、防护 > 其他作业保护,True,allowed,,
3168800002473,70,2,手部防护,Hand Protection,حماية اليد,安全、防护 > 手部防护,False,allowed,,
3168800015190,70,2,眼部防护,Eye Protection,حماية العيون,安全、防护 > 眼部防护,False,allowed,,
3168800003057,70,2,足部防护,Foot Protection,حماية القدم,安全、防护 > 足部防护,False,allowed,,
3168800015068,70,2,听力防护,Hearing Protection,حماية السمع,安全、防护 > 听力防护,False,allowed,,
3168800005473,70,2,坠落防护,Fall Protection,حماية من السقوط,安全、防护 > 坠落防护,False,allowed,,
3168800011383,70,2,安全网,Safety Nets,شباك السلامة,安全、防护 > 安全网,False,allowed,,
3019,70,2,防静电产品,Anti-Static Products,منتجات مضادة للكهرباء الساكنة,安全、防护 > 防静电产品,False,allowed,,
3168800008004,68,2,物流包装,Logistics Packaging,تغليف اللوجستيات,包装 > 物流包装,False,allowed,,
3168800006758,68,2,礼品包装,Gift Packaging,تغليف الهدايا,包装 > 礼品包装,False,allowed,,
3168800014304,68,2,智慧包装,Smart Packaging,تغليف ذكي,包装 > 智慧包装,False,allowed,,
3168800008506,68,2,胶带,Adhesive Tape,شريط لاصق,包装 > 胶带,False,allowed,,
3168800008254,68,2,食品包装,Food Packaging,تغليف الطعام,包装 > 食品包装,False,allowed,,
3168800014340,68,2,绿色环保包装,Eco-friendly Packaging,تغليف صديق للبيئة,包装 > 绿色环保包装,False,allowed,,
3168800014345,68,2,酒水饮料包装,Beverage Packaging,تغليف المشروبات,包装 > 酒水饮料包装,False,allowed,,
3168800014362,68,2,鞋服包装,Shoe & Apparel Packaging,تغليف الأحذية والملابس,包装 > 鞋服包装,False,allowed,,
3168800014370,68,2,饰品包装,Jewelry Packaging,تغليف المجوهرات,包装 > 饰品包装,False,allowed,,
3168800008960,68,2,美妆日化包装,Beauty & Daily Chemical Packaging,تغليف مستحضرات التجميل والكيماويات اليومية,包装 > 美妆日化包装,False,allowed,,
3168800014295,68,2,日用包装,Daily Packaging,تغليف يومي,包装 > 日用包装,False,allowed,,
3168800014274,68,2,数码家电包装,Digital Appliance Packaging,تغليف الأجهزة الرقمية,包装 > 数码家电包装,False,allowed,,
3168800009546,68,2,工业包装,Industrial Packaging,التغليف الصناعي,包装 > 工业包装,False,allowed,,
3168800002517,68,2,塑料包装袋,Plastic Bags,أكياس بلاستيكية,包装 > 塑料包装袋,False,allowed,,
3168800008486,68,2,塑料包装,Plastic Packaging,تغليف بلاستيكي,包装 > 塑料包装,False,allowed,,
3168800014246,68,2,塑料膜,Plastic Film,غشاء بلاستيكي,包装 > 塑料膜,False,allowed,,
3168800007994,68,2,纸类包装容器,Paper Packaging,تغليف ورقي,包装 > 纸类包装容器,False,allowed,,
3168800008877,68,2,布类包装,Fabric Packaging,تغليف الأقمشة,包装 > 布类包装,False,allowed,,
3168800014351,68,2,金属包装容器,Metal Packaging Containers,حاويات تغليف معدنية,包装 > 金属包装容器,False,allowed,,
3168800014358,68,2,陶瓷包装容器,Ceramic Packaging Containers,حاويات تغليف السيراميك,包装 > 陶瓷包装容器,False,allowed,,
3168800014308,68,2,木质包装容器,Wooden Packaging,تغليف خشبي,包装 > 木质包装容器,False,allowed,,
3168800009157,68,2,玻璃包装,Glass Packaging,تغليف الزجاج,包装 > 玻璃包装,False,allowed,,
3168800014201,68,2,农业包装,Agricultural Packaging,تغليف زراعي,包装 > 农业包装,False,allowed,,
3168800008220,68,2,标签、标牌,Labels & Signs,ملصقات ولافتات,包装 > 标签、标牌,False,allowed,,
3168800014268,68,2,托盘,Trays,صواني,包装 > 托盘,False,allowed,,
3168800009188,68,2,绳索、扎带,Ropes & Ties,حبال وربطات,包装 > 绳索、扎带,False,allowed,,
3168800014253,68,2,复合包装制品,Composite Packaging Products,منتجات التعبئة والتغليف المركبة,包装 > 复合包装制品,True,allowed,,
3168800014209,68,2,包装产品代理加盟,Packaging Product Franchise,امتياز منتجات التغليف,包装 > 包装产品代理加盟,True,allowed,,
3168800014254,68,2,复合包装材料,Composite Packaging Materials,مواد التعبئة والتغليف المركبة,包装 > 复合包装材料,True,allowed,,
3168800014314,68,2,烫金、烫印材料,Hot Stamping Materials,مواد الطباعة الساخنة,包装 > 烫金、烫印材料,False,allowed,,
3168800009505,68,2,包装辅助物,Packaging Accessories,ملحقات التغليف,包装 > 包装辅助物,False,allowed,,
3168800014232,68,2,图文印刷,Printing and Graphics,الطباعة والرسومات,包装 > 图文印刷,False,allowed,,
3168800014211,68,2,包装印刷加工,Packaging Printing & Processing,طباعة وتصنيع التغليف,包装 > 包装印刷加工,True,allowed,,
3168800014210,68,2,包装产品定制,Custom Packaging Products,منتجات تغليف مخصصة,包装 > 包装产品定制,True,allowed,,
3168800014212,68,2,包装用纸,Packaging Paper,ورق التغليف,包装 > 包装用纸,False,allowed,,
3168800014282,68,2,文化、印刷用纸,Cultural & Printing Paper,ورق ثقافي وطباعة,包装 > 文化、印刷用纸,False,allowed,,
3168800014255,68,2,工业用纸,Industrial Paper,ورق صناعي,包装 > 工业用纸,False,allowed,,
3168800014263,68,2,废纸,Waste Paper,نفايات الورق,包装 > 废纸,False,allowed,,
3168800014325,68,2,纸浆,Pulp,العجينة الورقية,包装 > 纸浆,False,allowed,,
3168800014199,68,2,其他用途纸,Other Specialty Paper,ورق لأغراض أخرى,包装 > 其他用途纸,True,allowed,,
3168800014200,68,2,其他纸业,Other Paper Products,منتجات ورقية أخرى,包装 > 其他纸业,True,allowed,,
3168800014323,68,2,纸及纸品代理加盟,Paper Products Agency,وكالة منتجات الورق,包装 > 纸及纸品代理加盟,True,allowed,,
3168800014231,68,2,包装项目合作,Packaging Project Cooperation,شراكة مشاريع التغليف,包装 > 包装项目合作,True,allowed,,
3168800014324,68,2,纸及纸品项目合作,Paper Products Projects,مشاريع منتجات الورق,包装 > 纸及纸品项目合作,True,allowed,,
123754001,7,2,智能设备,Smart Devices,أجهزة ذكية,数码、电脑 > 智能设备,False,allowed,,
202047604,7,2,AR / VR 头显设备配件,AR/VR Headsets & Accessories,نظارات AR/VR وملحقاتها,数码、电脑 > AR / VR 头显设备配件,False,allowed,,
727,7,2,数码产品,Digital Products,المنتجات الرقمية,数码、电脑 > 数码产品,False,allowed,,
1032228,7,2,数码配件,Digital Accessories,إكسسوارات رقمية,数码、电脑 > 数码配件,False,allowed,,
124776003,7,2,摄影摄像及配件,Photo & Video Gear,معدات التصوير والفيديو,数码、电脑 > 摄影摄像及配件,False,allowed,,
1046693,7,2,苹果专用配件,Apple Accessories,ملحقات أبل,数码、电脑 > 苹果专用配件,False,allowed,,
728,7,2,手机通讯,Mobile Communication,الاتصالات المحمولة,数码、电脑 > 手机通讯,False,allowed,,
202062910,7,2,手机号码/套餐/增值业务,Phone Numbers & Plans,أرقام الهاتف والباقات,数码、电脑 > 手机号码/套餐/增值业务,False,allowed,,
50911,7,2,手机配件,Mobile Accessories,ملحقات الجوال,数码、电脑 > 手机配件,False,allowed,,
730,7,2,电脑整机,Complete Computers,أجهزة الكمبيوتر الكاملة,数码、电脑 > 电脑整机,False,allowed,,
705,7,2,网络设备,Network Equipment,معدات الشبكات,数码、电脑 > 网络设备,False,allowed,,
10262,7,2,电脑外设产品,Computer Peripherals,ملحقات الكمبيوتر,数码、电脑 > 电脑外设产品,False,allowed,,
731,7,2,电脑硬件及配件,Computer Hardware & Accessories,مكونات وملحقات الكمبيوتر,数码、电脑 > 电脑硬件及配件,False,allowed,,
1046688,7,2,平板电脑配件,Tablet Accessories,ملحقات الأجهزة اللوحية,数码、电脑 > 平板电脑配件,False,allowed,,
729,7,2,笔记本电脑配件,Laptop Accessories,ملحقات الكمبيوتر المحمول,数码、电脑 > 笔记本电脑配件,False,allowed,,
735,7,2,库存/二手电脑,Stock & Used Computers,أجهزة كمبيوتر مستعملة ومخزون,数码、电脑 > 库存/二手电脑,False,allowed,,
1044130,7,2,手机饰品,Mobile Decorations,زينة الجوال,数码、电脑 > 手机饰品,False,allowed,,
1033238,7,2,电脑项目合作,Computer Project Cooperation,تعاون مشاريع الكمبيوتر,数码、电脑 > 电脑项目合作,True,allowed,,
201626003,7,2,直播设备及配件,Live Streaming Equipment,معدات البث المباشر وملحقاتها,数码、电脑 > 直播设备及配件,False,allowed,,
3168800002629,5,2,开关,Switches,مفاتيح,电工电气 > 开关,False,allowed,,
3168800002210,5,2,插座,Sockets,المقابس الكهربائية,电工电气 > 插座,False,allowed,,
3168800001699,5,2,插头,Plugs,المقابس,电工电气 > 插头,False,allowed,,
3168800001451,5,2,电池,Batteries,بطاريات,电工电气 > 电池,False,allowed,,
3168800002727,5,2,充电器,Chargers,شواحن,电工电气 > 充电器,False,allowed,,
3168800004578,5,2,充电桩,Charging Stations,محطات شحن,电工电气 > 充电桩,False,allowed,,
3168800002769,5,2,电源,Power Supplies,مزودات الطاقة,电工电气 > 电源,False,allowed,,
3168800000461,5,2,低压电器,Low Voltage Electrical,كهرباء منخفضة الجهد,电工电气 > 低压电器,False,allowed,,
3168800016151,5,2,高压电器,High Voltage Electrical,معدات كهربائية عالية الجهد,电工电气 > 高压电器,False,allowed,,
3168800005962,5,2,电动机,Electric Motors,محركات كهربائية,电工电气 > 电动机,False,allowed,,
3168800016021,5,2,发电机、发电机组,Generators & Generator Sets,المولدات ومجموعات المولدات,电工电气 > 发电机、发电机组,False,allowed,,
3168800016137,5,2,配电输电设备,Power Distribution Equipment,معدات توزيع ونقل الطاقة,电工电气 > 配电输电设备,False,allowed,,
3168800002891,5,2,电线、电缆,Wires & Cables,أسلاك وكابلات,电工电气 > 电线、电缆,False,allowed,,
3168800011401,5,2,电热设备,Electric Heating Equipment,معدات التدفئة الكهربائية,电工电气 > 电热设备,False,allowed,,
3168800016065,5,2,变阻器,Rheostats,مقاومات متغيرة,电工电气 > 变阻器,False,allowed,,
3168800016121,5,2,电磁铁,Electromagnets,كهرومغناطيسات,电工电气 > 电磁铁,False,allowed,,
3168800016150,5,2,阀用电磁铁（新）,Valve Solenoids (New),ملفات صمامات كهربائية (جديدة),电工电气 > 阀用电磁铁（新）,True,allowed,,
504,5,2,工控系统及装备,Industrial Control Systems,أنظمة ومعدات التحكم الصناعية,电工电气 > 工控系统及装备,False,allowed,,
3168800016100,5,2,电工电器成套设备,Electrical Equipment Sets,معدات كهربائية متكاملة,电工电气 > 电工电器成套设备,False,allowed,,
3168800016086,5,2,库存电工电气产品,Stock Electrical Products,منتجات كهربائية مخزون,电工电气 > 库存电工电气产品,True,allowed,,
3168800016105,5,2,电工电气产品代理加盟,Electrical Product Agency,وكالة منتجات كهربائية,电工电气 > 电工电气产品代理加盟,True,allowed,,
3168800016125,5,2,绝缘材料,Insulation Materials,مواد العزل,电工电气 > 绝缘材料,False,allowed,,
3168800016030,5,2,变压器,Transformers,المحولات,电工电气 > 变压器,False,allowed,,
3168800016106,5,2,电工电气辅材,Electrical Accessories,ملحقات كهربائية,电工电气 > 电工电气辅材,False,allowed,,
3168800015995,5,2,中高压电力产品,Medium & High Voltage Electrical Products,منتجات كهربائية متوسطة وعالية الجهد,电工电气 > 中高压电力产品,False,allowed,,
3168800003881,5,2,工业机器人,Industrial Robots,الروبوتات الصناعية,电工电气 > 工业机器人,False,allowed,,
127764004,5,2,电力金具,Electrical Fittings,ملحقات كهربائية,电工电气 > 电力金具,False,allowed,,
3168800002767,5,2,变送器,Transmitters,المرسلات,电工电气 > 变送器,False,allowed,,
3168800002766,5,2,变频器,Frequency Converters,محولات التردد,电工电气 > 变频器,False,allowed,,
3168800016113,5,2,电气控制方案,Electrical Control Solutions,حلول التحكم الكهربائية,电工电气 > 电气控制方案,False,allowed,,
3168800016112,5,2,电工电气项目合作,Electrical Project Cooperation,تعاون مشاريع كهربائية,电工电气 > 电工电气项目合作,True,allowed,,
3168800016001,5,2,主令电器,Main Control Electrical Appliances,أجهزة كهربائية للتحكم الرئيسي,电工电气 > 主令电器,False,allowed,,
3168800016135,5,2,通信线缆,Communication Cables,كابلات الاتصالات,电工电气 > 通信线缆,False,allowed,,
3168800016312,4,2,面料加工定制,Fabric Processing & Customization,معالجة وتخصيص الأقمشة,纺织、皮革 > 面料加工定制,True,allowed,,
3168800016311,4,2,辅料加工定制,Accessory Customization,تخصيص الإكسسوارات,纺织、皮革 > 辅料加工定制,True,allowed,,
3168800016304,4,2,纺织原材料加工定制,Textile Raw Materials Custom,تخصيص المواد الخام للمنسوجات,纺织、皮革 > 纺织原材料加工定制,True,allowed,,
3168800009221,4,2,纱线,Yarn,الخيوط,纺织、皮革 > 纱线,False,allowed,,
3168800016184,4,2,坯布,Grey Fabric,قماش خام,纺织、皮革 > 坯布,False,allowed,,
3168800002459,4,2,针织面料,Knitted Fabrics,أقمشة محبوكة,纺织、皮革 > 针织面料,False,allowed,,
3168800001685,4,2,棉类面料,Cotton Fabrics,أقمشة قطنية,纺织、皮革 > 棉类面料,False,allowed,,
3168800016313,4,2,麻类面料,Hemp Fabrics,أقمشة القنب,纺织、皮革 > 麻类面料,False,allowed,,
3168800001659,4,2,化纤面料,Chemical Fiber Fabrics,أقمشة ألياف كيميائية,纺织、皮革 > 化纤面料,False,allowed,,
3168800016280,4,2,毛纺面料,Wool Fabrics,أقمشة صوفية,纺织、皮革 > 毛纺面料,False,allowed,,
3168800005637,4,2,混纺、交织类面料,Blended Fabrics,أقمشة مخلوطة,纺织、皮革 > 混纺、交织类面料,False,allowed,,
3168800016162,4,2,丝绸面料,Silk Fabrics,أقمشة حريرية,纺织、皮革 > 丝绸面料,False,allowed,,
3168800016540,4,2,绣花布,Embroidered Fabric,قماش مطرز,纺织、皮革 > 绣花布,True,allowed,,
3168800016190,4,2,复合面料,Composite Fabrics,أقمشة مركبة,纺织、皮革 > 复合面料,True,allowed,,
3168800016171,4,2,功能性面料,Functional Fabrics,أقمشة وظيفية,纺织、皮革 > 功能性面料,True,allowed,,
3168800016545,4,2,色织、提花布,Yarn-Dyed & Jacquard Fabrics,أقمشة مصبوغة ومحبوكة,纺织、皮革 > 色织、提花布,True,allowed,,
3168800016183,4,2,印花、扎染布,Printed & Tie-dye Fabrics,أقمشة مطبوعة ومربوطة الصبغ,纺织、皮革 > 印花、扎染布,True,allowed,,
3168800016273,4,2,无纺布,Non-woven Fabric,نسيج غير منسوج,纺织、皮革 > 无纺布,False,allowed,,
3168800006470,4,2,毛毡,Felt,لباد,纺织、皮革 > 毛毡,False,allowed,,
3168800016302,4,2,窗帘面料,Curtain Fabrics,أقمشة الستائر,纺织、皮革 > 窗帘面料,True,allowed,,
3168800002427,4,2,纺织辅料,Textile Accessories,إكسسوارات المنسوجات,纺织、皮革 > 纺织辅料,False,allowed,,
3168800016291,4,2,皮革,Leather,جلد,纺织、皮革 > 皮革,False,allowed,,
3168800016191,4,2,天然纺织原料,Natural Textile Raw Materials,مواد خام نسيجية طبيعية,纺织、皮革 > 天然纺织原料,False,allowed,,
3168800016172,4,2,化学纤维,Chemical Fibers,ألياف كيميائية,纺织、皮革 > 化学纤维,False,allowed,,
3168800016305,4,2,纺织废料,Textile Waste,نفايات المنسوجات,纺织、皮革 > 纺织废料,False,allowed,,
3168800016300,4,2,皮革废料,Leather Waste,نفايات الجلد,纺织、皮革 > 皮革废料,False,allowed,,
3168800016272,4,2,库存纺织品,Stock Textiles,منسوجات مخزون,纺织、皮革 > 库存纺织品,True,allowed,,
3168800016271,4,2,库存皮革及制品,Stock Leather & Products,جلود ومنتجات مخزون,纺织、皮革 > 库存皮革及制品,True,allowed,,
3168800016303,4,2,纺织、皮革制品代理加盟,Textiles & Leather Agency,وكالة المنسوجات والجلود,纺织、皮革 > 纺织、皮革制品代理加盟,True,allowed,,
3168800006368,4,2,后整理工艺,Finishing Processes,عمليات التشطيب,纺织、皮革 > 后整理工艺,False,allowed,,
3168800006781,4,2,DIY手工材料,DIY Craft Materials,مواد الحرف اليدوية,纺织、皮革 > DIY手工材料,False,allowed,,
3168800007571,4,2,其他纺织、皮革,Other Textiles & Leather,منسوجات وجلود أخرى,纺织、皮革 > 其他纺织、皮革,True,allowed,,
3168800016310,4,2,纺织皮革相关项目合作,Textile & Leather Projects,مشاريع المنسوجات والجلود,纺织、皮革 > 纺织皮革相关项目合作,True,allowed,,
124016002,1042954,2,女士包袋,Women's Bags,حقائب نسائية,箱包皮具 > 女士包袋,False,allowed,,
201558112,1042954,2,时尚口红包,Fashion Lip Bags,حقائب شفاه عصرية,箱包皮具 > 时尚口红包,True,allowed,,
121658001,1042954,2,男士包袋,Men's Bags,حقائب رجالية,箱包皮具 > 男士包袋,False,allowed,,
201956604,1042954,2,双肩背包,Backpacks,حقائب الظهر,箱包皮具 > 双肩背包,False,allowed,,
201556615,1042954,2,儿童休闲箱包,Kids Casual Bags,حقائب أطفال كاجوال,箱包皮具 > 儿童休闲箱包,False,allowed,,
201551616,1042954,2,学生书包,Student Backpacks,حقائب ظهر للطلاب,箱包皮具 > 学生书包,False,allowed,,
10283,1042954,2,旅行箱,Suitcases,حقائب سفر بعجلات,箱包皮具 > 旅行箱,True,allowed,,
122216001,1042954,2,旅行包、旅行袋,Travel Bags,حقائب سفر,箱包皮具 > 旅行包、旅行袋,True,allowed,,
125728001,1042954,2,化妆箱包,Cosmetic Bags,حقائب مستحضرات التجميل,箱包皮具 > 化妆箱包,False,allowed,,
201545602,1042954,2,运动包,Sports Bags,حقائب رياضية,箱包皮具 > 运动包,False,allowed,,
122218002,1042954,2,手机包,Phone Cases,أغطية الهواتف,箱包皮具 > 手机包,True,allowed,,
122228002,1042954,2,钱包,Wallets,محافظ,箱包皮具 > 钱包,False,allowed,,
201548701,1042954,2,电脑包包,Computer Bags,حقائب الكمبيوتر,箱包皮具 > 电脑包包,False,allowed,,
201997401,1042954,2,功能小包,Functional Small Bags,حقائب صغيرة عملية,箱包皮具 > 功能小包,False,allowed,,
127406010,1042954,2,军迷包具,Military Bags,حقائب عسكرية,箱包皮具 > 军迷包具,False,allowed,,
127398006,1042954,2,数码包,Digital Bags,حقائب رقمية,箱包皮具 > 数码包,False,allowed,,
201548901,1042954,2,艺术类箱包,Artistic Bags & Cases,حقائب وصناديق فنية,箱包皮具 > 艺术类箱包,False,allowed,,
127278005,1042954,2,箱包配件,Bag Accessories,إكسسوارات الحقائب,箱包皮具 > 箱包配件,False,allowed,,
1037344,1042954,2,其他箱,Other Boxes,صناديق أخرى,箱包皮具 > 其他箱,True,allowed,,
1037354,1042954,2,其他包,Other Bags,حقائب أخرى,箱包皮具 > 其他包,True,allowed,,
1037365,1042954,2,其他袋,Other Bags,حقائب أخرى,箱包皮具 > 其他袋,True,allowed,,
126994084,1042954,2,定制箱包皮具,Custom Bags & Leather,الحقائب والجلود المخصصة,箱包皮具 > 定制箱包皮具,True,allowed,,
201304404,1042954,2,背包床、床中床,Backpack Beds & Crib Beds,أسرة الظهر والأسرة الصغيرة,箱包皮具 > 背包床、床中床,True,allowed,,
1043801,1042954,2,月子帽、妈咪包,Maternity Hats & Bags,قبعات الأمومة وحقائب,箱包皮具 > 月子帽、妈咪包,True,allowed,,
3168800012099,65,2,塑料机械,Plastic Machinery,آلات البلاستيك,机械及行业设备 > 塑料机械,False,allowed,,
3168800004969,65,2,民用无人机,Civil Drones,طائرات بدون طيار مدنية,机械及行业设备 > 民用无人机,False,allowed,,
10417,65,2,石油设备,Petroleum Equipment,معدات نفطية,机械及行业设备 > 石油设备,False,allowed,,
3168800005560,65,2,包装设备,Packaging Equipment,معدات التغليف,机械及行业设备 > 包装设备,False,allowed,,
87,65,2,包装成型机械,Packaging Forming Machines,آلات تشكيل التغليف,机械及行业设备 > 包装成型机械,False,allowed,,
3403,65,2,印刷设备,Printing Equipment,معدات الطباعة,机械及行业设备 > 印刷设备,False,allowed,,
3168800006006,65,2,农业机械,Agricultural Machinery,آلات زراعية,机械及行业设备 > 农业机械,False,allowed,,
3168800002750,65,2,食品、饮料加工及餐饮行业设备,Food & Beverage Processing Equipment,معدات تجهيز الطعام والشراب والضيافة,机械及行业设备 > 食品、饮料加工及餐饮行业设备,False,allowed,,
3168800004338,65,2,污水处理设备,Wastewater Treatment,معدات معالجة مياه الصرف,机械及行业设备 > 污水处理设备,False,allowed,,
1415,65,2,节能设备,Energy-Saving Equipment,معدات توفير الطاقة,机械及行业设备 > 节能设备,False,allowed,,
3168800004670,65,2,空气净化设备,Air Purifiers,أجهزة تنقية الهواء,机械及行业设备 > 空气净化设备,False,allowed,,
1102,65,2,消音降噪设备,Noise Reduction Equipment,معدات خفض الضوضاء,机械及行业设备 > 消音降噪设备,False,allowed,,
10062,65,2,纺织设备和器材,Textile Equipment,معدات المنسوجات,机械及行业设备 > 纺织设备和器材,False,allowed,,
1031718,65,2,皮革加工设备,Leather Processing Equipment,معدات معالجة الجلد,机械及行业设备 > 皮革加工设备,False,allowed,,
10370,65,2,纸加工机械,Paper Processing Machinery,آلات معالجة الورق,机械及行业设备 > 纸加工机械,False,allowed,,
10179,65,2,制鞋机械,Shoe Making Machines,آلات صناعة الأحذية,机械及行业设备 > 制鞋机械,False,allowed,,
3168800015591,65,2,造纸设备及配件,Paper Making Equipment,معدات صناعة الورق وملحقاتها,机械及行业设备 > 造纸设备及配件,True,allowed,,
3168800010223,65,2,服装机械设备,Garment Machinery,آلات الملابس,机械及行业设备 > 服装机械设备,False,allowed,,
3168800015455,65,2,木工机械,Woodworking Machinery,آلات النجارة,机械及行业设备 > 木工机械,True,allowed,,
3168800015433,65,2,工艺礼品加工设备,Craft Gift Processing Equipment,معدات تصنيع هدايا الحرف,机械及行业设备 > 工艺礼品加工设备,True,allowed,,
3168800015617,65,2,陶瓷生产加工机械,Ceramic Production Machinery,آلات إنتاج السيراميك,机械及行业设备 > 陶瓷生产加工机械,True,allowed,,
3168800015521,65,2,电脑产品制造设备,Computer Manufacturing Equipment,معدات تصنيع الحواسيب,机械及行业设备 > 电脑产品制造设备,True,allowed,,
3168800015431,65,2,家电制造设备,Appliance Manufacturing Equipment,معدات تصنيع الأجهزة,机械及行业设备 > 家电制造设备,True,allowed,,
3168800015509,65,2,玩具加工设备,Toy Manufacturing Equipment,معدات تصنيع الألعاب,机械及行业设备 > 玩具加工设备,True,allowed,,
3168800015361,65,2,其他行业专用设备,Other Industry Equipment,معدات صناعية أخرى,机械及行业设备 > 其他行业专用设备,True,allowed,,
3168800005871,65,2,过滤设备,Filtration Equipment,معدات الترشيح,机械及行业设备 > 过滤设备,False,allowed,,
3168800002232,65,2,风机、排风设备,Fans & Ventilation,مراوح ومعدات التهوية,机械及行业设备 > 风机、排风设备,False,allowed,,
3168800005644,65,2,压缩设备,Compression Equipment,معدات الضغط,机械及行业设备 > 压缩设备,False,allowed,,
3168800016623,65,2,压缩机械设备,Compression Machinery,آلات الضغط,机械及行业设备 > 压缩机械设备,True,allowed,,
1040928,65,2,压缩设备配件,Compression Equipment Parts,قطع غيار معدات الضغط,机械及行业设备 > 压缩设备配件,True,allowed,,
3168800013136,65,2,内燃机,Internal Combustion Engines,محركات الاحتراق الداخلي,机械及行业设备 > 内燃机,False,allowed,,
121494014,65,2,焊接辅机,Welding Auxiliary Machines,آلات مساعدة للحام,机械及行业设备 > 焊接辅机,False,allowed,,
3168800001710,65,2,工程机械、建筑机械,Construction Machinery,آلات البناء والهندسة,机械及行业设备 > 工程机械、建筑机械,False,allowed,,
915,65,2,开采、选矿设备,Mining Equipment,معدات التعدين,机械及行业设备 > 开采、选矿设备,False,allowed,,
914,65,2,冶炼设备,Smelting Equipment,معدات الصهر,机械及行业设备 > 冶炼设备,False,allowed,,
3168800015592,65,2,金属成型设备,Metal Forming Equipment,معدات تشكيل المعادن,机械及行业设备 > 金属成型设备,True,allowed,,
3168800010341,65,2,电子产品制造设备,Electronics Manufacturing Equipment,معدات تصنيع الإلكترونيات,机械及行业设备 > 电子产品制造设备,False,allowed,,
3168800004796,65,2,商业专用设备,Commercial Equipment,المعدات التجارية,机械及行业设备 > 商业专用设备,False,allowed,,
510,65,2,金融专用设备,Financial Equipment,معدات مالية,机械及行业设备 > 金融专用设备,False,allowed,,
1458,65,2,酒店设备,Hotel Equipment,معدات الفنادق,机械及行业设备 > 酒店设备,True,allowed,,
3168800006816,65,2,换热、制冷空调设备,Heat Exchange & AC,معدات التبريد وتبادل الحرارة,机械及行业设备 > 换热、制冷空调设备,False,allowed,,
3168800012313,65,2,锅、炉及配件,"Pots, Furnaces & Accessories",أواني، أفران وملحقاتها,机械及行业设备 > 锅、炉及配件,False,allowed,,
1459,65,2,车间设备,Workshop Equipment,معدات الورشة,机械及行业设备 > 车间设备,False,allowed,,
3168800015436,65,2,建材生产加工机械,Building Material Machinery,آلات تصنيع مواد البناء,机械及行业设备 > 建材生产加工机械,True,allowed,,
924,65,2,铸造及热处理设备,Casting & Heat Treatment Equipment,معدات الصب والمعالجة الحرارية,机械及行业设备 > 铸造及热处理设备,False,allowed,,
3168800012250,65,2,制冷设备,Refrigeration Equipment,معدات التبريد,机械及行业设备 > 制冷设备,False,allowed,,
10410,65,2,橡胶机械,Rubber Machinery,آلات المطاط,机械及行业设备 > 橡胶机械,False,allowed,,
3168800009987,65,2,输送设备,Conveying Equipment,معدات النقل,机械及行业设备 > 输送设备,False,allowed,,
3168800015536,65,2,矿业装卸设备,Mining Loading Equipment,معدات تحميل التعدين,机械及行业设备 > 矿业装卸设备,True,allowed,,
3168800015537,65,2,矿业输送设备,Mining Conveying Equipment,معدات نقل التعدين,机械及行业设备 > 矿业输送设备,True,allowed,,
922,65,2,矿山施工设备,Mining Construction Equipment,معدات إنشاءات التعدين,机械及行业设备 > 矿山施工设备,False,allowed,,
3168800015434,65,2,库存化工设备,Stock Chemical Equipment,معدات كيميائية مخزون,机械及行业设备 > 库存化工设备,True,allowed,,
3168800015569,65,2,结晶设备,Crystallization Equipment,معدات التبلور,机械及行业设备 > 结晶设备,True,allowed,,
3168800012073,65,2,混合设备,Mixing Equipment,معدات الخلط,机械及行业设备 > 混合设备,False,allowed,,
3168800015398,65,2,化工实验设备,Chemical Lab Equipment,معدات مختبرات كيميائية,机械及行业设备 > 化工实验设备,True,allowed,,
3168800015402,65,2,化工设备配件,Chemical Equipment Parts,قطع غيار معدات كيميائية,机械及行业设备 > 化工设备配件,True,allowed,,
3168800015401,65,2,化工设备代理加盟,Chemical Equipment Franchise,امتياز معدات كيميائية,机械及行业设备 > 化工设备代理加盟,True,allowed,,
3168800015399,65,2,化工成型设备,Chemical Molding Equipment,معدات تشكيل كيميائية,机械及行业设备 > 化工成型设备,True,allowed,,
3168800015400,65,2,化工成套设备,Chemical Complete Equipment,معدات كيميائية متكاملة,机械及行业设备 > 化工成套设备,True,allowed,,
3168800010633,65,2,干燥设备,Drying Equipment,معدات التجفيف,机械及行业设备 > 干燥设备,False,allowed,,
3168800010551,65,2,粉碎设备,Crushing Equipment,معدات التكسير,机械及行业设备 > 粉碎设备,False,allowed,,
1031670,65,2,分离设备,Separation Equipment,معدات الفصل,机械及行业设备 > 分离设备,False,allowed,,
10415,65,2,反应设备,Reaction Equipment,معدات التفاعل,机械及行业设备 > 反应设备,False,allowed,,
921,65,2,地矿勘测设备,Geological Survey Equipment,معدات المسح الجيولوجي,机械及行业设备 > 地矿勘测设备,False,allowed,,
10413,65,2,传质设备,Mass Transfer Equipment,معدات نقل المادة,机械及行业设备 > 传质设备,False,allowed,,
1031668,65,2,传热设备,Heat Transfer Equipment,معدات نقل الحرارة,机械及行业设备 > 传热设备,False,allowed,,
10414,65,2,储运设备,Storage & Transport Equipment,معدات التخزين والنقل,机械及行业设备 > 储运设备,False,allowed,,
3168800015510,65,2,玻璃机械,Glass Machinery,آلات الزجاج,机械及行业设备 > 玻璃机械,True,allowed,,
3168800015435,65,2,库存设备及工业用品,Stock Equipment & Industrial Supplies,معدات ولوازم صناعية مخزون,机械及行业设备 > 库存设备及工业用品,True,allowed,,
3168800015432,65,2,工业制品代理加盟,Industrial Product Agency,وكالة المنتجات الصناعية,机械及行业设备 > 工业制品代理加盟,True,allowed,,
201356551,65,2,生产线,Production Lines,خطوط الإنتاج,机械及行业设备 > 生产线,False,allowed,,
1041693,65,2,整熨洗涤设备,Ironing & Washing Equipment,معدات الكي والغسيل,机械及行业设备 > 整熨洗涤设备,False,allowed,,
3168800015360,65,2,光学加工机械,Optical Processing Machinery,آلات المعالجة البصرية,机械及行业设备 > 光学加工机械,True,allowed,,
3168800002755,65,2,液压系统,Hydraulic Systems,أنظمة هيدروليكية,机械及行业设备 > 液压系统,False,allowed,,
123924008,65,2,液压机械,Hydraulic Machinery,آلات هيدروليكية,机械及行业设备 > 液压机械,False,allowed,,
3168800015637,65,2,食品储运设备,Food Storage & Transport,معدات تخزين ونقل الطعام,机械及行业设备 > 食品储运设备,True,allowed,,
121190004,65,2,铆接设备,Riveting Equipment,معدات التثبيت,机械及行业设备 > 铆接设备,False,allowed,,
3168800015456,65,2,机械项目合作,Machinery Project Cooperation,تعاون مشاريع الماكينات,机械及行业设备 > 机械项目合作,True,allowed,,
3168800004339,65,2,原水处理设备,Raw Water Treatment Equipment,معدات معالجة المياه الخام,机械及行业设备 > 原水处理设备,False,allowed,,
201958503,65,2,材料加工设备,Material Processing Equipment,معدات معالجة المواد,机械及行业设备 > 材料加工设备,False,allowed,,
3168800007509,65,2,激光加工设备,Laser Processing Equipment,معدات المعالجة بالليزر,机械及行业设备 > 激光加工设备,False,allowed,,
3168800005625,65,2,起重装卸设备,Lifting & Handling Equipment,معدات الرفع والمناولة,机械及行业设备 > 起重装卸设备,False,allowed,,
3168800011953,65,2,涂装设备,Coating Equipment,معدات الطلاء,机械及行业设备 > 涂装设备,False,allowed,,
3168800001361,59,2,电动工具,Power Tools,أدوات كهربائية,五金、工具 > 电动工具,False,allowed,,
3168800002760,59,2,园林五金工具,Garden Hardware & Tools,أدوات وحدادة الحدائق,五金、工具 > 园林五金工具,False,allowed,,
3168800003374,59,2,通用五金配件,General Hardware Accessories,ملحقات الأجهزة العامة,五金、工具 > 通用五金配件,False,allowed,,
3168800002756,59,2,磨具、磨料,Abrasives & Grinding Tools,أدوات كشط وصنفرة,五金、工具 > 磨具、磨料,False,allowed,,
3168800002601,59,2,组合工具,Combination Tools,أدوات متعددة,五金、工具 > 组合工具,False,allowed,,
3168800002757,59,2,仓储设备,Storage Equipment,معدات التخزين,五金、工具 > 仓储设备,False,allowed,,
3168800002751,59,2,钳类工具,Pliers & Tools,أدوات كماشة,五金、工具 > 钳类工具,False,allowed,,
201921406,59,2,钳工工具,Fitter Tools,أدوات الفتير,五金、工具 > 钳工工具,False,allowed,,
3168800001503,59,2,电焊、切割设备,Welding & Cutting Equipment,معدات اللحام والقطع,五金、工具 > 电焊、切割设备,False,allowed,,
3168800001492,59,2,运输搬运设备,Transport & Handling Equipment,معدات النقل والمناولة,五金、工具 > 运输搬运设备,False,allowed,,
3168800002758,59,2,手动扳手,Manual Wrenches,مفاتيح يدوية,五金、工具 > 手动扳手,False,allowed,,
3168800002752,59,2,工具耗材,Tool Consumables,مستهلكات الأدوات,五金、工具 > 工具耗材,False,allowed,,
3168800002761,59,2,刀,Knives,سكاكين,五金、工具 > 刀,False,review,weapons,刀
3168800002759,59,2,手动螺丝刀,Manual Screwdrivers,مفكات يدوية,五金、工具 > 手动螺丝刀,False,allowed,,
3168800002764,59,2,索具,Rigging Equipment,معدات الرفع,五金、工具 > 索具,False,allowed,,
3168800006066,59,2,洗车工具,Car Wash Tools,أدوات غسيل السيارات,五金、工具 > 洗车工具,False,allowed,,
202154415,59,2,手动工具,Hand Tools,أدوات يدوية,五金、工具 > 手动工具,False,allowed,,
202150523,59,2,锉、刨,Files & Planes,مبردات ومكاشط,五金、工具 > 锉、刨,False,allowed,,
3168800010813,59,2,农用工具,Farm Tools,أدوات الزراعة,五金、工具 > 农用工具,False,allowed,,
10351,59,2,其他钳工工具,Other Fitting Tools,أدوات تركيب أخرى,五金、工具 > 其他钳工工具,False,allowed,,
3168800012003,59,2,管道工具,Pipeline Tools,أدوات الأنابيب,五金、工具 > 管道工具,False,allowed,,
3168800013571,59,2,测量工具,Measuring Tools,أدوات القياس,五金、工具 > 测量工具,False,allowed,,
3168800002319,59,2,量具,Measuring Tools,أدوات القياس,五金、工具 > 量具,False,allowed,,
3168800009398,59,2,工程测绘仪器,Surveying Instruments,أجهزة المسح الهندسي,五金、工具 > 工程测绘仪器,False,allowed,,
3168800002762,59,2,机加工刀具,Machining Tools,أدوات التشغيل,五金、工具 > 机加工刀具,False,allowed,,
3168800013379,59,2,刀具,Cutting Tools,أدوات القطع,五金、工具 > 刀具,False,allowed,,
3168800013614,59,2,适老工具,Elderly Aids,أدوات لكبار السن,五金、工具 > 适老工具,True,allowed,,
3168800005626,59,2,工具刷,Tool Brushes,فُرش الأدوات,五金、工具 > 工具刷,False,allowed,,
3168800011258,59,2,日用五金,Daily Hardware,أدوات يدوية يومية,五金、工具 > 日用五金,False,allowed,,
1032399,59,2,打气筒,Air Pumps,مضخات هواء,五金、工具 > 打气筒,True,allowed,,
3168800008443,59,2,脚轮,Caster Wheels,عجلات دوارة,五金、工具 > 脚轮,False,allowed,,
3168800002765,59,2,气动工具,Pneumatic Tools,أدوات هوائية,五金、工具 > 气动工具,False,allowed,,
3168800005640,59,2,维护工具,Maintenance Tools,أدوات الصيانة,五金、工具 > 维护工具,False,allowed,,
3168800012136,59,2,维修设备,Maintenance Equipment,معدات الصيانة,五金、工具 > 维修设备,False,allowed,,
3168800011185,59,2,液压工具,Hydraulic Tools,أدوات هيدروليكية,五金、工具 > 液压工具,False,allowed,,
3168800009418,59,2,焊接、切割器材与配件,Welding and Cutting Equipment,معدات اللحام والقطع,五金、工具 > 焊接、切割器材与配件,False,allowed,,
3168800002763,59,2,焊接消耗品与材料,Welding Consumables,مواد استهلاكية للحام,五金、工具 > 焊接消耗品与材料,False,allowed,,
3168800013579,59,2,焊接材料与附件,Welding Materials and Accessories,مواد وإكسسوارات اللحام,五金、工具 > 焊接材料与附件,False,allowed,,
201924501,59,2,电子焊接工具,Electronic Welding Tools,أدوات اللحام الإلكترونية,五金、工具 > 电子焊接工具,False,allowed,,
3168800009343,59,2,匠作工具,Craft Tools,أدوات حرفية,五金、工具 > 匠作工具,False,allowed,,
3168800009888,59,2,手工锯及配件,Hand Saws & Accessories,مناشير يدوية وملحقاتها,五金、工具 > 手工锯及配件,False,allowed,,
3168800013640,59,2,锯,Saws,مناشير,五金、工具 > 锯,False,allowed,,
3168800010935,59,2,剪刀,Scissors,مقصات,五金、工具 > 剪刀,False,allowed,,
3168800008294,59,2,工具箱包,Tool Boxes & Bags,صناديق وحقائب الأدوات,五金、工具 > 工具箱包,False,allowed,,
3168800012066,59,2,工具柜,Tool Cabinets,خزائن الأدوات,五金、工具 > 工具柜,False,allowed,,
3168800011859,59,2,防爆工具,Explosion-Proof Tools,أدوات مقاومة الانفجار,五金、工具 > 防爆工具,False,allowed,,
3168800013405,59,2,工艺礼品五金,Craft Gifts & Hardware,هدايا الحرف والأدوات المعدنية,五金、工具 > 工艺礼品五金,True,allowed,,
3168800013387,59,2,办公文教五金,Office Hardware,معدات مكتبية,五金、工具 > 办公文教五金,True,allowed,,
1036013,59,2,服饰箱包五金,Accessories & Bag Hardware,إكسسوارات وقطع حقائب,五金、工具 > 服饰箱包五金,True,allowed,,
3168800012218,59,2,船用五金配件,Marine Hardware Accessories,ملحقات الأجهزة البحرية,五金、工具 > 船用五金配件,False,allowed,,
3168800009905,59,2,其他五金,Other Hardware,أدوات أخرى,五金、工具 > 其他五金,False,allowed,,
1048205,59,2,3D打印机,3D Printers,طابعات ثلاثية الأبعاد,五金、工具 > 3D打印机,True,allowed,,
3168800013373,59,2,五金工具代理加盟,Hardware & Tools Franchise,وكالة وأفران أدوات ومعدات,五金、工具 > 五金工具代理加盟,True,allowed,,
3168800013406,59,2,库存五金、工具,Stock Hardware & Tools,أدوات ومعدات مخزون,五金、工具 > 库存五金、工具,True,allowed,,
3168800013374,59,2,五金工具项目合作,Hardware & Tools Partnerships,شراكات أدوات ومعدات,五金、工具 > 五金工具项目合作,True,allowed,,
3168800013628,59,2,钳工工作台,Fitter Workbench,منضدة عمل الفتير,五金、工具 > 钳工工作台,True,allowed,,
3168800013376,59,2,作业平台,Work Platforms,منصات العمل,五金、工具 > 作业平台,True,allowed,,
202146541,59,2,刃具,Blades,شفرات,五金、工具 > 刃具,False,allowed,,
3168800001539,59,2,阀门,Valves,صمامات,五金、工具 > 阀门,False,allowed,,
3168800001067,59,2,泵,Pumps,مضخات,五金、工具 > 泵,False,allowed,,
3168800001829,59,2,传动件,Transmission Parts,قطع نقل الحركة,五金、工具 > 传动件,False,allowed,,
3168800010304,59,2,工业输送带?,Industrial Conveyor Belts,أحزمة ناقلة صناعية,五金、工具 > 工业输送带?,False,allowed,,
3168800007422,59,2,过滤耗材,Filter Consumables,مستهلكات الترشيح,五金、工具 > 过滤耗材,False,allowed,,
3168800013610,59,2,过滤材料,Filter Materials,مواد الترشيح,五金、工具 > 过滤材料,False,allowed,,
3168800000723,59,2,轴承及附属件,Bearings & Accessories,محامل وملحقاتها,五金、工具 > 轴承及附属件,False,allowed,,
3168800010540,59,2,弹簧,Springs,نوابض,五金、工具 > 弹簧,False,allowed,,
3168800000193,59,2,紧固件、连接件,Fasteners & Connectors,المثبتات والموصلات,五金、工具 > 紧固件、连接件,False,allowed,,
3168800009554,59,2,密封件,Sealing Parts,قطع الختم,五金、工具 > 密封件,False,allowed,,
3168800002685,59,2,气动元件,Pneumatic Components,مكونات هوائية,五金、工具 > 气动元件,False,allowed,,
3168800013378,59,2,减速机、变速机,Reducers & Gearboxes,مخفضات السرعة وعلب التروس,五金、工具 > 减速机、变速机,True,allowed,,
3168800013386,59,2,制动器,Brakes,مكابح,五金、工具 > 制动器,True,allowed,,
3168800011594,59,2,工业管道及配件,Industrial Pipes & Fittings,أنابيب ومستلزمات صناعية,五金、工具 > 工业管道及配件,False,allowed,,
3168800009900,59,2,机床附件,Machine Tool Accessories,ملحقات الآلات,五金、工具 > 机床附件,False,allowed,,
3168800010071,59,2,机械五金加工,Mechanical Hardware Processing,معالجة الأجهزة الميكانيكية,五金、工具 > 机械五金加工,False,allowed,,
1034024,59,2,塑料加工,Plastic Processing,تصنيع البلاستيك,五金、工具 > 塑料加工,False,allowed,,
3168800012230,59,2,模具,Molds,قوالب,五金、工具 > 模具,False,allowed,,
3168800005524,59,2,模具标准件,Mold Standard Parts,قطع قوالب قياسية,五金、工具 > 模具标准件,False,allowed,,
3168800002623,59,2,模型、手板,Models & Prototypes,نماذج ونماذج أولية,五金、工具 > 模型、手板,False,allowed,,
1046868,59,2,离合器,Clutches,قوابض,五金、工具 > 离合器,False,allowed,,
3168800014413,8,2,化工中间体,Chemical Intermediates,مواد كيميائية وسيطة,化工 > 化工中间体,False,allowed,,
3168800014685,8,2,煤焦化产品,Coal Coking Products,منتجات تقطير الفحم,化工 > 煤焦化产品,False,allowed,,
3168800014868,8,2,过氧化物,Peroxides,بيروكسيدات,化工 > 过氧化物,False,allowed,,
3168800014435,8,2,单质,Elements,عناصر,化工 > 单质,False,allowed,,
3168800014471,8,2,工业气体,Industrial Gases,الغازات الصناعية,化工 > 工业气体,False,allowed,,
3168800014617,8,2,氧化物,Oxides,أكاسيد,化工 > 氧化物,False,allowed,,
3168800014548,8,2,无机酸,Inorganic Acids,أحماض غير عضوية,化工 > 无机酸,False,allowed,,
3168800014523,8,2,无机碱,Inorganic Alkalis,قلويات غير عضوية,化工 > 无机碱,False,allowed,,
3168800011771,8,2,无机盐,Inorganic Salts,أملاح غير عضوية,化工 > 无机盐,False,allowed,,
3168800014676,8,2,烃类,Hydrocarbons,هيدروكربونات,化工 > 烃类,False,allowed,,
3168800014910,8,2,醇类,Alcohols,الكحولات,化工 > 醇类,False,allowed,,
3168800014916,8,2,醌类,Quinones,الكينونات,化工 > 醌类,False,allowed,,
3168800014798,8,2,羧酸,Carboxylic Acids,الأحماض الكربوكسيلية,化工 > 羧酸,False,allowed,,
3168800014817,8,2,羧酸衍生物,Carboxylic Acid Derivatives,مشتقات الأحماض الكربوكسيلية,化工 > 羧酸衍生物,False,allowed,,
3168800014763,8,2,碳水化合物,Carbohydrates,كربوهيدرات,化工 > 碳水化合物,False,allowed,,
3168800014591,8,2,杂环化合物,Heterocyclic Compounds,مركبات حلقية غير متجانسة,化工 > 杂环化合物,False,allowed,,
3168800014756,8,2,砜,Sulfones,سلفونات,化工 > 砜,False,allowed,,
3168800014825,8,2,胺,Amines,الأمينات,化工 > 胺,False,allowed,,
3168800014852,8,2,腈,Acrylonitrile,أكريلونيتريل,化工 > 腈,True,allowed,,
3168800014942,8,2,醛,Aldehydes,الألدهيدات,化工 > 醛,False,allowed,,
3168800014893,8,2,酮,Ketones,الكيتونات,化工 > 酮,False,allowed,,
3168800014877,8,2,酚类,Phenols,الفينولات,化工 > 酚类,False,allowed,,
3168800014921,8,2,醚,Ethers,الإيثرات,化工 > 醚,False,allowed,,
3168800014778,8,2,磺酸,Sulfonic Acids,أحماض السلفونيك,化工 > 磺酸,True,allowed,,
3168800014779,8,2,磺酸衍生物,Sulfonic Derivatives,مشتقات السلفونيك,化工 > 磺酸衍生物,True,allowed,,
3168800014960,8,2,重氮化合物,Diazo Compounds,المركبات الديازونية,化工 > 重氮化合物,True,allowed,,
3168800014385,8,2,偶氮化合物,Azo Compounds,مركبات أزو,化工 > 偶氮化合物,True,allowed,,
3168800014455,8,2,天然树脂,Natural Resin,راتنج طبيعي,化工 > 天然树脂,False,allowed,,
3168800014646,8,2,海绵,Sponges,إسفنج,化工 > 海绵,True,allowed,,
3168800014440,8,2,合成树脂,Synthetic Resin,الراتنج الصناعي,化工 > 合成树脂,False,allowed,,
3168800014373,8,2,乳胶原液,Latex Serum,مصل اللاتكس,化工 > 乳胶原液,False,allowed,,
3168800014396,8,2,其他聚合物,Other Polymers,بوليمرات أخرى,化工 > 其他聚合物,True,allowed,,
3168800014570,8,2,无机非金属材料,Inorganic Non-metallic Materials,مواد غير معدنية غير عضوية,化工 > 无机非金属材料,False,allowed,,
3168800014699,8,2,玻璃,Glass,زجاج,化工 > 玻璃,False,allowed,,
3168800014723,8,2,玻璃纤维,Glass Fiber,ألياف زجاجية,化工 > 玻璃纤维,True,allowed,,
3168800014722,8,2,玻璃制品,Glass Products,منتجات الزجاج,化工 > 玻璃制品,True,allowed,,
3168800010960,8,2,实验室器皿,Lab Glassware,أدوات المختبر الزجاجية,化工 > 实验室器皿,False,allowed,,
3168800014675,8,2,火工产品,Pyrotechnics,منتجات نارية,化工 > 火工产品,True,allowed,,
3168800014421,8,2,化工废料,Chemical Waste,نفايات كيميائية,化工 > 化工废料,False,allowed,,
3168800014500,8,2,库存化工原料,Stock Chemical Raw Materials,مواد كيميائية خام مخزون,化工 > 库存化工原料,True,allowed,,
3168800014420,8,2,化工原料代理加盟,Chemical Raw Material Franchise,امتياز مواد خام كيميائية,化工 > 化工原料代理加盟,True,allowed,,
3168800014394,8,2,其他未分类,Other Unclassified,أخرى غير مصنفة,化工 > 其他未分类,True,allowed,,
3168800014977,8,2,金属粉末,Metal Powders,مساحيق معدنية,化工 > 金属粉末,False,allowed,,
3168800014398,8,2,农药原药,Pesticide Raw Materials,مواد المبيدات الخام,化工 > 农药原药,False,review,medicine,药
3168800010782,8,2,农药制剂,Pesticide Formulations,مستحضرات المبيدات,化工 > 农药制剂,False,review,medicine,药
3168800011245,8,2,化肥,Fertilizers,أسمدة,化工 > 化肥,False,allowed,,
3168800014616,8,2,植物生长调节剂,Plant Growth Regulators,منظمات نمو النبات,化工 > 植物生长调节剂,True,allowed,,
3168800014460,8,2,天然胶粘剂,Natural Adhesives,مواد لاصقة طبيعية,化工 > 天然胶粘剂,False,allowed,,
3168800014547,8,2,无机胶粘剂,Inorganic Adhesives,مواد لاصقة غير عضوية,化工 > 无机胶粘剂,True,allowed,,
3168800008342,8,2,合成胶粘剂,Synthetic Adhesives,اللواصق الصناعية,化工 > 合成胶粘剂,False,allowed,,
3168800014602,8,2,染料,Dyes,أصباغ,化工 > 染料,False,allowed,,
3168800011095,8,2,无机颜料/填料,Inorganic Pigments & Fillers,أصباغ ومواد حشو غير عضوية,化工 > 无机颜料/填料,False,allowed,,
3168800014583,8,2,有机颜料,Organic Pigments,أصباغ عضوية,化工 > 有机颜料,False,allowed,,
3168800007353,8,2,涂料、油漆,Paints & Coatings,دهانات وطلاءات,化工 > 涂料、油漆,False,allowed,,
3168800014635,8,2,油墨,Ink,حبر,化工 > 油墨,False,allowed,,
3168800014386,8,2,催化剂,Catalysts,محفزات,化工 > 催化剂,False,allowed,,
3168800011167,8,2,表面活性剂,Surfactants,عاملات سطحية,化工 > 表面活性剂,False,allowed,,
3168800006881,8,2,吸附剂,Adsorbents,الممتزات,化工 > 吸附剂,False,allowed,,
3168800005642,8,2,合成材料助剂,Synthetic Material Additives,مضافات المواد الصناعية,化工 > 合成材料助剂,False,allowed,,
3168800014735,8,2,皮革化学品,Leather Chemicals,مواد كيميائية للجلد,化工 > 皮革化学品,False,allowed,,
3168800014786,8,2,纺织染整助剂,Textile Dyeing & Finishing Aids,مساعدات صباغة وتشطيب المنسوجات,化工 > 纺织染整助剂,False,allowed,,
3168800014871,8,2,造纸助剂,Paper Making Additives,مضافات صناعة الورق,化工 > 造纸助剂,False,allowed,,
10384,8,2,涂料助剂,Paint Additives,مضافات الطلاء,化工 > 涂料助剂,False,allowed,,
3168800011385,8,2,水处理化学品,Water Treatment Chemicals,مواد كيميائية لمعالجة المياه,化工 > 水处理化学品,False,allowed,,
3168800014510,8,2,建筑用精细化学品,Construction Chemicals,مواد كيميائية للبناء,化工 > 建筑用精细化学品,False,allowed,,
3168800014870,8,2,选矿药剂及冶炼助剂,Mining & Smelting Chemicals,مواد كيميائية للتعدين والصهر,化工 > 选矿药剂及冶炼助剂,True,review,medicine,药
3168800014734,8,2,电子工业用助剂,Electronic Industry Additives,مضافات صناعة الإلكترونيات,化工 > 电子工业用助剂,True,allowed,,
3168800014961,8,2,金属加工助剂,Metal Processing Additives,مضافات معالجة المعادن,化工 > 金属加工助剂,False,allowed,,
3168800014393,8,2,其他助剂,Other Additives,مضافات أخرى,化工 > 其他助剂,True,allowed,,
3168800014745,8,2,石油产品添加剂,Petroleum Additives,مضافات المنتجات النفطية,化工 > 石油产品添加剂,False,allowed,,
3168800014383,8,2,信息用化学品,Information Chemicals,مواد كيميائية للمعلومات,化工 > 信息用化学品,False,allowed,,
3168800014395,8,2,其他精细化学品,Other Fine Chemicals,مواد كيميائية دقيقة أخرى,化工 > 其他精细化学品,True,allowed,,
3168800014405,8,2,化学试剂,Chemical Reagents,كواشف كيميائية,化工 > 化学试剂,False,allowed,,
3168800014428,8,2,化工项目合作,Chemical Project Cooperation,شراكة مشاريع كيميائية,化工 > 化工项目合作,True,allowed,,
3168800014430,8,2,医用基材,Medical Base Materials,مواد طبية أساسية,化工 > 医用基材,False,allowed,,
3168800006677,8,2,工业润滑油,Industrial Lubricants,زيوت التشحيم الصناعية,化工 > 工业润滑油,False,allowed,,
3168800014487,8,2,工业用清洗剂,Industrial Cleaners,منظفات صناعية,化工 > 工业用清洗剂,False,allowed,,
3168800014501,8,2,库存精细化学品,Stock Fine Chemicals,مواد كيميائية دقيقة مخزون,化工 > 库存精细化学品,False,allowed,,
3168800014647,8,2,涂料乳液及成膜物质,Paint Emulsions,مستحلبات الطلاء,化工 > 涂料乳液及成膜物质,False,allowed,,
3168800014724,8,2,生命科学,Life Sciences,علوم الحياة,化工 > 生命科学,False,allowed,,
3168800006021,8,2,生物化工,Biochemical Industry,الصناعة الكيميائية الحيوية,化工 > 生物化工,False,allowed,,
3168800014755,8,2,石油蜡,Petroleum Wax,شمع نفطي,化工 > 石油蜡,True,allowed,,
3168800014771,8,2,碳纤维,Carbon Fiber,ألياف الكربون,化工 > 碳纤维,False,allowed,,
3168800014780,8,2,空气处理化学品,Air Treatment Chemicals,مواد كيميائية لمعالجة الهواء,化工 > 空气处理化学品,False,allowed,,
3168800014784,8,2,精细化学品代理加盟,Fine Chemicals Agency,وكالة المواد الكيميائية الدقيقة,化工 > 精细化学品代理加盟,True,allowed,,
3168800014785,8,2,精细化工项目合作,Fine Chemical Projects,مشاريع المواد الكيميائية الدقيقة,化工 > 精细化工项目合作,True,allowed,,
3168800014853,8,2,车用润滑油,Car Lubricants,زيوت تشحيم السيارات,化工 > 车用润滑油,False,allowed,,
3168800006712,8,2,食品添加剂,Food Additives,مواد مضافة للطعام,化工 > 食品添加剂,False,allowed,,
3168800011795,8,2,饲料添加剂,Feed Additives,مضافات الأعلاف,化工 > 饲料添加剂,False,allowed,,
3168800006632,8,2,香料、香精,Spices & Essences,توابل وعطور,化工 > 香料、香精,False,allowed,,
3168800011474,55,2,通用塑料,General Plastics,بلاستيك عام,橡塑 > 通用塑料,False,allowed,,
3168800007595,55,2,改性塑料,Modified Plastics,البلاستيك المعدل,橡塑 > 改性塑料,False,allowed,,
201863102,55,2,生物降解塑料,Biodegradable Plastics,بلاستيك قابل للتحلل,橡塑 > 生物降解塑料,False,allowed,,
3168800011362,55,2,工程塑料,Engineering Plastics,بلاستيك هندسي,橡塑 > 工程塑料,False,allowed,,
3168800016546,55,2,特种塑料,Specialty Plastics,بلاستيك خاص,橡塑 > 特种塑料,True,allowed,,
1048138,55,2,塑料合金,Plastic Alloys,سبائك بلاستيكية,橡塑 > 塑料合金,False,allowed,,
10396,55,2,天然橡胶,Natural Rubber,مطاط طبيعي,橡塑 > 天然橡胶,False,allowed,,
1031644,55,2,合成橡胶,Synthetic Rubber,المطاط الصناعي,橡塑 > 合成橡胶,False,allowed,,
1034596,55,2,热塑性弹性体,Thermoplastic Elastomers,الإيلاستومرات الحرارية,橡塑 > 热塑性弹性体,False,allowed,,
1031640,55,2,再生塑料,Recycled Plastics,بلاستيك معاد تدويره,橡塑 > 再生塑料,False,allowed,,
3168800015767,55,2,废塑料,Waste Plastic,نفايات البلاستيك,橡塑 > 废塑料,True,allowed,,
1044095,55,2,母料,Masterbatch,ماستر باتش,橡塑 > 母料,False,allowed,,
10388,55,2,塑料薄膜,Plastic Thin Film,غشاء بلاستيكي رقيق,橡塑 > 塑料薄膜,False,allowed,,
3168800010837,55,2,塑料板(卷),Plastic Sheets and Rolls,ألواح وبكرات بلاستيكية,橡塑 > 塑料板(卷),False,allowed,,
1045948,55,2,塑料片,Plastic Films,أفلام بلاستيكية,橡塑 > 塑料片,False,allowed,,
3168800008876,55,2,塑料管,Plastic Pipes,أنابيب بلاستيكية,橡塑 > 塑料管,False,allowed,,
201493901,55,2,塑料棒、塑料条,Plastic Rods and Strips,قضبان وأشرطة بلاستيكية,橡塑 > 塑料棒、塑料条,False,allowed,,
3168800010936,55,2,橡胶管,Rubber Tubes,أنابيب مطاطية,橡塑 > 橡胶管,False,allowed,,
201159803,55,2,橡塑水带,Rubber & Plastic Hoses,خراطيم المطاط والبلاستيك,橡塑 > 橡塑水带,False,allowed,,
201157906,55,2,泡沫塑料,Foam Plastics,لدائن رغوية,橡塑 > 泡沫塑料,False,allowed,,
201156305,55,2,3D打印线材,3D Printing Filaments,خيوط الطباعة ثلاثية الأبعاد,橡塑 > 3D打印线材,False,allowed,,
1045968,55,2,塑料异型材,Plastic Profiles,بروفيلات بلاستيكية,橡塑 > 塑料异型材,False,allowed,,
1046084,55,2,塑料篷布,Plastic Tarpaulins,أغطية بلاستيكية,橡塑 > 塑料篷布,False,allowed,,
3168800015710,55,2,塑料焊条,Plastic Welding Rods,أعواد لحام بلاستيكية,橡塑 > 塑料焊条,True,allowed,,
201160805,55,2,塑料网,Plastic Nets,شباك بلاستيكية,橡塑 > 塑料网,False,allowed,,
3168800015681,55,2,塑料丝、塑料绳,Plastic Threads and Ropes,خيوط وحبال بلاستيكية,橡塑 > 塑料丝、塑料绳,True,allowed,,
3168800015810,55,2,汽车用塑胶制品,Car Plastic Products,منتجات بلاستيكية للسيارات,橡塑 > 汽车用塑胶制品,True,allowed,,
3168800015766,55,2,工农业用塑料制品,Agro-Industrial Plastics,منتجات بلاستيكية زراعية وصناعية,橡塑 > 工农业用塑料制品,True,allowed,,
3168800015667,55,2,医用塑胶制品,Medical Plastic Products,منتجات بلاستيكية طبية,橡塑 > 医用塑胶制品,True,allowed,,
3168800015643,55,2,其他塑料制品,Other Plastic Products,منتجات بلاستيكية أخرى,橡塑 > 其他塑料制品,True,allowed,,
1046105,55,2,橡胶板,Rubber Sheets,ألواح مطاطية,橡塑 > 橡胶板,False,allowed,,
3168800015793,55,2,橡胶棒,Rubber Rods,قضبان مطاطية,橡塑 > 橡胶棒,True,allowed,,
1046165,55,2,橡胶带,Rubber Belts,أحزمة مطاطية,橡塑 > 橡胶带,False,allowed,,
3168800010790,55,2,橡胶密封制品,Rubber Seals,أختام مطاطية,橡塑 > 橡胶密封制品,False,allowed,,
10113,55,2,轮胎,Tires,إطارات,橡塑 > 轮胎,False,allowed,,
1046156,55,2,橡胶气囊,Rubber Airbags,أكياس هوائية مطاطية,橡塑 > 橡胶气囊,False,allowed,,
3168800015803,55,2,橡胶片,Rubber Sheets,شرائح مطاطية,橡塑 > 橡胶片,True,allowed,,
1040298,55,2,塑胶容器,Plastic Containers,حاويات بلاستيكية,橡塑 > 塑胶容器,False,allowed,,
3168800010887,55,2,工业用橡胶制品,Industrial Rubber Products,منتجات مطاطية صناعية,橡塑 > 工业用橡胶制品,False,allowed,,
1047322,55,2,电子用塑胶制品,Electronic Plastic Products,منتجات بلاستيكية إلكترونية,橡塑 > 电子用塑胶制品,False,allowed,,
3168800015666,55,2,农业用橡胶制品,Agricultural Rubber Products,منتجات مطاطية زراعية,橡塑 > 农业用橡胶制品,True,allowed,,
3168800010903,55,2,塑胶零件、配件,Plastic Parts and Accessories,قطع وإكسسوارات بلاستيكية,橡塑 > 塑胶零件、配件,False,allowed,,
3168800010812,55,2,有机玻璃制品（亚克力）,Acrylic Products,منتجات الأكريليك,橡塑 > 有机玻璃制品（亚克力）,False,allowed,,
3168800010870,55,2,生活日用橡胶制品,Daily Rubber Products,منتجات مطاطية يومية,橡塑 > 生活日用橡胶制品,False,allowed,,
3168800015768,55,2,文教用橡胶制品,Rubber Educational Products,منتجات مطاطية تعليمية,橡塑 > 文教用橡胶制品,True,allowed,,
3168800015645,55,2,其他橡胶制品,Other Rubber Products,منتجات مطاطية أخرى,橡塑 > 其他橡胶制品,True,allowed,,
3168800015644,55,2,其他橡塑,Other Rubber & Plastics,مطاط وبلاستيك أخرى,橡塑 > 其他橡塑,True,allowed,,
3168800015295,201346017,2,水泥制品,Cement Products,منتجات الأسمنت,建材 > 水泥制品,False,allowed,,
3168800015289,201346017,2,古建筑材料,Ancient Building Materials,مواد البناء القديمة,建材 > 古建筑材料,False,allowed,,
3168800005265,201346017,2,建筑、建材,Construction & Building,الإنشاءات ومواد البناء,建材 > 建筑、建材,False,allowed,,
3168800005237,201346017,2,装饰建材,Decorative Building Materials,مواد البناء الزخرفية,建材 > 装饰建材,False,allowed,,
3168800005288,201346017,2,设施及施工材料,Facilities & Construction Materials,المرافق ومواد البناء,建材 > 设施及施工材料,False,allowed,,
10241,64,2,公共环卫设施,Public Sanitation Facilities,مرافق النظافة العامة,环保 > 公共环卫设施,False,allowed,,
1043112,64,2,无害化处理设备,Harmless Treatment Equipment,معدات المعالجة الآمنة,环保 > 无害化处理设备,False,allowed,,
3168800015859,64,2,节能环保材料,Energy-Saving & Eco Materials,مواد توفير الطاقة والبيئة,环保 > 节能环保材料,True,allowed,,
3168800015853,64,2,危险废物回收,Hazardous Waste Recycling,إعادة تدوير النفايات الخطرة,环保 > 危险废物回收,True,allowed,,
3168800015854,64,2,废电子电器,Waste Electronics,نفايات الأجهزة الإلكترونية,环保 > 废电子电器,True,allowed,,
3168800015857,64,2,环保设备代理加盟,Environmental Equipment Agency,وكالة معدات البيئة,环保 > 环保设备代理加盟,True,allowed,,
3168800015852,64,2,其他环保设备,Other Environmental Equipment,معدات بيئية أخرى,环保 > 其他环保设备,True,allowed,,
3168800015858,64,2,环保项目合作,Environmental Project Cooperation,تعاون مشاريع البيئة,环保 > 环保项目合作,True,allowed,,
1033858,10208,2,气象仪器,Meteorological Instruments,أجهزة الأرصاد الجوية,仪器仪表 > 气象仪器,False,allowed,,
1033897,10208,2,色谱仪,Chromatographs,أجهزة الكروماتوغرافيا,仪器仪表 > 色谱仪,False,allowed,,
1036229,10208,2,橡塑专用仪器仪表,Rubber & Plastic Instruments,أجهزة المطاط والبلاستيك,仪器仪表 > 橡塑专用仪器仪表,False,allowed,,
1036179,10208,2,试验箱及气候环境设备,Test Chambers & Climate Equipment,حاضنات الاختبار ومعدات المناخ,仪器仪表 > 试验箱及气候环境设备,False,allowed,,
1032397,10208,2,压力仪表,Pressure Instruments,أجهزة قياس الضغط,仪器仪表 > 压力仪表,False,allowed,,
1036185,10208,2,生命科学仪器,Life Science Instruments,أجهزة علوم الحياة,仪器仪表 > 生命科学仪器,False,allowed,,
3168800002560,10208,2,流量仪表,Flow Meters,عدادات التدفق,仪器仪表 > 流量仪表,False,allowed,,
1032394,10208,2,机械量仪表,Mechanical Measuring Instruments,أجهزة قياس ميكانيكية,仪器仪表 > 机械量仪表,False,allowed,,
1032383,10208,2,实验仪器装置,Lab Instruments,أجهزة المختبر,仪器仪表 > 实验仪器装置,False,allowed,,
1032371,10208,2,计量标准器具,Measuring Standards,أدوات القياس المعيارية,仪器仪表 > 计量标准器具,False,allowed,,
1032395,10208,2,物位仪表,Level Instruments,أجهزة قياس المستوى,仪器仪表 > 物位仪表,False,allowed,,
3168800013738,10208,2,显示仪表,Display Instruments,أجهزة عرض,仪器仪表 > 显示仪表,True,allowed,,
1036206,10208,2,环境检测仪器,Environmental Testing Instruments,أجهزة اختبار البيئة,仪器仪表 > 环境检测仪器,False,allowed,,
3168800013875,10208,2,记录仪,Recorders,مسجلات,仪器仪表 > 记录仪,True,allowed,,
3168800013865,10208,2,计数器,Counters,عدادات,仪器仪表 > 计数器,True,allowed,,
3168800013728,10208,2,工业计时器,Industrial Timers,مؤقتات صناعية,仪器仪表 > 工业计时器,True,allowed,,
10210,10208,2,试验机,Testing Machines,آلات الاختبار,仪器仪表 > 试验机,False,allowed,,
10211,10208,2,分析仪器,Analytical Instruments,أجهزة التحليل,仪器仪表 > 分析仪器,False,allowed,,
1033877,10208,2,无损检测仪器,Non-destructive Testing,أجهزة الفحص غير المدمرة,仪器仪表 > 无损检测仪器,False,allowed,,
1032382,10208,2,电子测量仪器,Electronic Measuring Instruments,أجهزة قياس إلكترونية,仪器仪表 > 电子测量仪器,False,allowed,,
1032380,10208,2,仪器仪表配附件,Instruments Accessories,ملحقات أجهزة وأدوات قياس,仪器仪表 > 仪器仪表配附件,False,allowed,,
3168800013729,10208,2,库存仪器仪表,Stock Instruments & Meters,أجهزة ومقاييس مخزون,仪器仪表 > 库存仪器仪表,True,allowed,,
1036167,10208,2,包装测试设备,Packaging Testing Equipment,معدات اختبار التغليف,仪器仪表 > 包装测试设备,False,allowed,,
3168800013674,10208,2,仪器仪表代理加盟,Instruments Franchise,وكالة أجهزة وأدوات قياس,仪器仪表 > 仪器仪表代理加盟,True,allowed,,
3168800013684,10208,2,其他仪器仪表,Other Instruments & Meters,أجهزة وأدوات قياس أخرى,仪器仪表 > 其他仪器仪表,True,allowed,,
121486001,10208,2,自动化仪器设备,Automation Instruments & Equipment,أجهزة ومعدات الأتمتة,仪器仪表 > 自动化仪器设备,False,allowed,,
3168800010571,10208,2,温湿度仪表,Temperature & Humidity Meters,أجهزة قياس الحرارة والرطوبة,仪器仪表 > 温湿度仪表,False,allowed,,
3168800010106,10208,2,光学仪器,Optical Instruments,أجهزة بصرية,仪器仪表 > 光学仪器,False,allowed,,
10214,10208,2,专用仪器仪表,Specialized Instruments,أجهزة وأدوات متخصصة,仪器仪表 > 专用仪器仪表,False,allowed,,
91,10208,2,汽摩检测设备,Automotive Testing Equipment,معدات فحص السيارات,仪器仪表 > 汽摩检测设备,False,allowed,,
1032372,10208,2,衡器,Weighing Instruments,أجهزة الوزن,仪器仪表 > 衡器,False,allowed,,
3168800009933,10208,2,电工仪器仪表,Electrical Instruments,أجهزة كهربائية,仪器仪表 > 电工仪器仪表,False,allowed,,
1556,15,2,居家日用,Home Daily Use,الاستخدام اليومي المنزلي,居家日用品 > 居家日用,False,allowed,,
1045268,15,2,酒店用品,Hotel Supplies,مستلزمات الفنادق,居家日用品 > 酒店用品,False,allowed,,
124284003,15,2,秤,Scales,موازين,居家日用品 > 秤,False,allowed,,
124272009,15,2,打火机及烟具,Lighters & Smoking,ولاعات وأدوات تدخين,居家日用品 > 打火机及烟具,False,blocked,tobacco,烟具
124016003,15,2,挡风、遮阳、防雨工具,"Wind, Sun & Rain Protection",حماية من الرياح والشمس والمطر,居家日用品 > 挡风、遮阳、防雨工具,False,allowed,,
201664803,15,2,保暖贴/怀炉/保暖用品,Warmers & Heating Pads,ملحقات التدفئة,居家日用品 > 保暖贴/怀炉/保暖用品,False,allowed,,
1045059,15,2,USB新奇特,USB Gadgets,أجهزة USB غريبة,居家日用品 > USB新奇特,False,allowed,,
1046721,201547801,2,饮水用具,Drinking Supplies,مستلزمات الشرب,日用餐厨饮具 > 饮水用具,False,allowed,,
121548001,201547801,2,茶具,Tea Sets,أطقم الشاي,日用餐厨饮具 > 茶具,False,allowed,,
122320004,201547801,2,酒具,Barware,أدوات الشراب,日用餐厨饮具 > 酒具,False,allowed,,
201162703,201547801,2,咖啡具,Coffee Equipment,معدات القهوة,日用餐厨饮具 > 咖啡具,False,allowed,,
10287,201547801,2,餐具,Tableware,أدوات المائدة,日用餐厨饮具 > 餐具,False,allowed,,
122548001,201547801,2,锅、煲,Pots & Cookware,أواني الطهي,日用餐厨饮具 > 锅、煲,False,allowed,,
122146001,201547801,2,厨房工具,Kitchen Tools,أدوات المطبخ,日用餐厨饮具 > 厨房工具,False,allowed,,
127764003,201547801,2,厨用刀剪具,Kitchen Knives & Scissors,سكاكين ومقصات المطبخ,日用餐厨饮具 > 厨用刀剪具,False,allowed,,
121546006,201547801,2,烧烤用具,BBQ Tools,أدوات الشواء,日用餐厨饮具 > 烧烤用具,False,allowed,,
10297,201547801,2,烘焙用具,Baking Tools,أدوات الخبز,日用餐厨饮具 > 烘焙用具,False,allowed,,
1548,201547901,2,收纳防尘,Dustproof Storage,تخزين مضاد للغبار,收纳清洁用具 > 收纳防尘,False,allowed,,
1514,201547901,2,家务清洁用具,Household Cleaning Tools,أدوات تنظيف المنزل,收纳清洁用具 > 家务清洁用具,False,allowed,,
10295,201547901,2,厨房整理,Kitchen Organization,تنظيم المطبخ,收纳清洁用具 > 厨房整理,False,allowed,,
122390004,201547901,2,整理用具,Organizing Tools,أدوات التنظيم,收纳清洁用具 > 整理用具,False,allowed,,
122374002,201547901,2,衣物晾晒洗护用具,Laundry & Drying Tools,أدوات الغسيل والتجفيف,收纳清洁用具 > 衣物晾晒洗护用具,False,allowed,,
1043151,201547901,2,卫浴整理用具,Bathroom Organizers,منظمات الحمام,收纳清洁用具 > 卫浴整理用具,False,allowed,,
127926017,96,2,毛巾、面巾,Towels & Face Towels,مناشف ومناشف وجه,家纺家饰 > 毛巾、面巾,False,allowed,,
127894012,96,2,居家布艺,Home Textiles,أقمشة منزلية,家纺家饰 > 居家布艺,False,allowed,,
10132,96,2,套件类,Kits,مجموعات,家纺家饰 > 套件类,False,allowed,,
127900016,96,2,地毯地垫,Carpets and Mats,السجاد والحصائر,家纺家饰 > 地毯地垫,False,allowed,,
124264009,96,2,窗帘门帘及配件,Curtains & Accessories,الستائر وملحقاتها,家纺家饰 > 窗帘门帘及配件,False,allowed,,
127888009,96,2,创意摆件,Creative Decorations,زينة مبتكرة,家纺家饰 > 创意摆件,False,allowed,,
127926016,96,2,装饰画、挂画,Decorative & Hanging Paintings,لوحات زخرفية ومعلقة,家纺家饰 > 装饰画、挂画,False,allowed,,
1043469,96,2,壁饰,Wall Decor,ديكور الحائط,家纺家饰 > 壁饰,False,allowed,,
127146002,96,2,家居软饰加工定制,Custom Soft Furnishings,تخصيص الأثاث الناعم,家纺家饰 > 家居软饰加工定制,True,allowed,,
127186001,96,2,窗帘加工定制,Curtain Customization,تفصيل الستائر,家纺家饰 > 窗帘加工定制,True,allowed,,
1704,96,2,贴饰,Decals & Stickers,ملصقات وزخارف,家纺家饰 > 贴饰,False,allowed,,
1906,96,2,装饰框架,Decorative Frames,إطارات زخرفية,家纺家饰 > 装饰框架,False,allowed,,
290315,96,2,家居用品项目合作,Home Goods Partnerships,شراكات مستلزمات المنزل,家纺家饰 > 家居用品项目合作,True,allowed,,
124282001,96,2,钟,Clocks,ساعات,家纺家饰 > 钟,False,allowed,,
127900015,96,2,功能毛巾,Functional Towels,مناشف عملية,家纺家饰 > 功能毛巾,False,allowed,,
201148907,96,2,一次性巾类,Disposable Towels,مناديل للاستعمال مرة واحدة,家纺家饰 > 一次性巾类,False,allowed,,
127874019,96,2,浴巾、浴袍、浴裙、沙滩巾,Bath Towels & Robes,مناشف وأردية الاستحمام,家纺家饰 > 浴巾、浴袍、浴裙、沙滩巾,False,allowed,,
127864016,96,2,创意类毛巾,Creative Towels,مناشف مبتكرة,家纺家饰 > 创意类毛巾,False,allowed,,
122254002,96,2,中巾,Medium Towels,مناشف متوسطة,家纺家饰 > 中巾,True,allowed,,
127160002,96,2,毛巾、巾类加工定制,Towel Custom Processing,تصنيع مناشف حسب الطلب,家纺家饰 > 毛巾、巾类加工定制,True,allowed,,
127870016,96,2,毯类,Blankets,بطانيات,家纺家饰 > 毯类,False,allowed,,
127142003,96,2,床上用品加工定制,Custom Bedding Processing,تصنيع مفروشات مخصصة,家纺家饰 > 床上用品加工定制,True,allowed,,
123084001,96,2,被芯类,Quilts & Fillings,لحافات وحشوات,家纺家饰 > 被芯类,False,allowed,,
123086001,96,2,枕芯类,Pillow Cores,أنوية الوسائد,家纺家饰 > 枕芯类,False,allowed,,
123084002,96,2,夏凉品类,Summer Cooling Products,منتجات التبريد الصيفية,家纺家饰 > 夏凉品类,False,allowed,,
123088001,96,2,床垫床褥,Mattresses & Bedding,مراتب ومفروشات,家纺家饰 > 床垫床褥,False,allowed,,
10138,96,2,其他床上用品,Other Bedding,مستلزمات سرير أخرى,家纺家饰 > 其他床上用品,True,allowed,,
121192034,96,2,婚庆家纺,Wedding Home Textiles,منسوجات منزلية للزفاف,家纺家饰 > 婚庆家纺,False,allowed,,
121188018,96,2,婴童家纺,Baby & Toddler Home Textiles,منسوجات منزلية للأطفال,家纺家饰 > 婴童家纺,False,allowed,,
121186015,96,2,酒店布草,Hotel Linens,مفروشات الفنادق,家纺家饰 > 酒店布草,False,allowed,,
1042634,97,2,面部护理,Facial Care,عناية الوجه,美容护肤/彩妆 > 面部护理,False,allowed,,
201308710,97,2,面膜、面膜粉,Face Masks & Powders,أقنعة الوجه ومساحيق الوجه,美容护肤/彩妆 > 面膜、面膜粉,False,allowed,,
201308310,97,2,面部精华,Facial Serums,سيروم الوجه,美容护肤/彩妆 > 面部精华,False,allowed,,
201303117,97,2,眼部护理,Eye Care,عناية العيون,美容护肤/彩妆 > 眼部护理,False,allowed,,
201962701,97,2,外用液体敷料（医疗器械）,External Liquid Dressings (Medical Devices),ضمادات سائلة خارجية (أجهزة طبية),美容护肤/彩妆 > 外用液体敷料（医疗器械）,False,allowed,,
1043498,97,2,唇部护理,Lip Care,العناية بالشفاه,美容护肤/彩妆 > 唇部护理,False,allowed,,
201309707,97,2,精油芳疗,Essential Oils & Aromatherapy,الزيوت العطرية والعلاج بالروائح,美容护肤/彩妆 > 精油芳疗,False,allowed,,
123650003,97,2,专业线护肤,Professional Skincare,عناية بالبشرة احترافية,美容护肤/彩妆 > 专业线护肤,False,allowed,,
121702001,97,2,男士护肤,Men's Skincare,عناية البشرة للرجال,美容护肤/彩妆 > 男士护肤,False,allowed,,
82101,97,2,面部彩妆,Facial Makeup,مكياج الوجه,美容护肤/彩妆 > 面部彩妆,False,allowed,,
201304705,97,2,唇部彩妆,Lip Makeup,مكياج الشفاه,美容护肤/彩妆 > 唇部彩妆,False,allowed,,
201307604,97,2,眼部彩妆,Eye Makeup,مكياج العيون,美容护肤/彩妆 > 眼部彩妆,False,allowed,,
202138094,97,2,身体彩绘,Body Painting,رسم الجسم,美容护肤/彩妆 > 身体彩绘,False,allowed,,
201303115,97,2,香水,Perfumes,عطور,美容护肤/彩妆 > 香水,False,allowed,,
1043171,97,2,美妆工具,Beauty Tools,أدوات التجميل,美容护肤/彩妆 > 美妆工具,False,allowed,,
201307015,97,2,美容仪器,Beauty Devices,أجهزة التجميل,美容护肤/彩妆 > 美容仪器,False,allowed,,
202027801,97,2,纹绣用品,Tattoo & Embroidery Supplies,مستلزمات الوشم والتطريز,美容护肤/彩妆 > 纹绣用品,False,allowed,,
1043162,97,2,美甲产品,Nail Products,منتجات الأظافر,美容护肤/彩妆 > 美甲产品,False,allowed,,
125070013,97,2,美妆日化加工,Beauty & Daily Chemical Processing,معالجة مستحضرات التجميل والكيماويات اليومية,美容护肤/彩妆 > 美妆日化加工,False,allowed,,
1042950,97,2,美容代理加盟,Beauty Franchise & Agency,وكالات وفرنشايز التجميل,美容护肤/彩妆 > 美容代理加盟,True,allowed,,
653,6,2,厨房电器,Kitchen Appliances,أجهزة المطبخ,家用电器 > 厨房电器,False,allowed,,
1047104,6,2,影音电器,Audio Electronics,أجهزة صوتية,家用电器 > 影音电器,False,allowed,,
652,6,2,生活电器,Home Appliances,أجهزة منزلية,家用电器 > 生活电器,False,allowed,,
1047981,6,2,两季电器,Seasonal Appliances,أجهزة موسمية,家用电器 > 两季电器,False,allowed,,
123610009,6,2,个护电器,Personal Care Appliances,أجهزة العناية الشخصية,家用电器 > 个护电器,False,allowed,,
201972101,6,2,家用医疗电器（器械）,Home Medical Devices,أجهزة طبية منزلية,家用电器 > 家用医疗电器（器械）,False,allowed,,
1047893,6,2,保健电器,Health Appliances,أجهزة صحية,家用电器 > 保健电器,False,allowed,,
201571222,6,2,母婴电器,Mother & Baby Appliances,أجهزة للأم والطفل,家用电器 > 母婴电器,False,allowed,,
1047393,6,2,大家电,Major Appliances,الأجهزة المنزلية الكبيرة,家用电器 > 大家电,False,allowed,,
290306,6,2,家电项目合作,Appliance Partnerships,شراكات الأجهزة المنزلية,家用电器 > 家电项目合作,True,allowed,,
1031833,6,2,家用电器加工,Appliance Manufacturing,تصنيع الأجهزة المنزلية,家用电器 > 家用电器加工,True,allowed,,
125012004,6,2,智能家居系统,Smart Home Systems,أنظمة المنزل الذكي,家用电器 > 智能家居系统,True,allowed,,
122930001,13,2,卧室家具,Bedroom Furniture,أثاث غرفة النوم,家装建材 > 卧室家具,False,allowed,,
1043661,13,2,客厅家具,Living Room Furniture,أثاث غرفة المعيشة,家装建材 > 客厅家具,False,allowed,,
123610020,13,2,餐厅家具,Restaurant Furniture,أثاث المطاعم,家装建材 > 餐厅家具,False,allowed,,
201345303,13,2,成套家具,Furniture Sets,مجموعات الأثاث,家装建材 > 成套家具,False,allowed,,
1045579,13,2,商业、办公家具,Commercial & Office Furniture,الأثاث التجاري والمكتبي,家装建材 > 商业、办公家具,False,allowed,,
122512002,13,2,简易家具,Simple Furniture,أثاث بسيط,家装建材 > 简易家具,False,allowed,,
122796003,13,2,休闲、户外家具,Leisure & Outdoor Furniture,أثاث خارجي وترفيهي,家装建材 > 休闲、户外家具,False,allowed,,
122794001,13,2,儿童家具,Kids Furniture,أثاث أطفال,家装建材 > 儿童家具,False,allowed,,
122380009,13,2,定制家具,Custom Furniture,الأثاث المخصص,家装建材 > 定制家具,False,allowed,,
1038132,13,2,其他类型家具,Other Furniture Types,أنواع أثاث أخرى,家装建材 > 其他类型家具,False,allowed,,
123608022,13,2,书房家具,Study Room Furniture,أثاث غرفة الدراسة,家装建材 > 书房家具,False,allowed,,
122384004,13,2,卫浴洁具,Bathroom Fixtures,تجهيزات الحمام,家装建材 > 卫浴洁具,False,allowed,,
1032416,13,2,水暖五金,Plumbing Hardware,معدات السباكة,家装建材 > 水暖五金,False,allowed,,
122374009,13,2,厨卫五金,Kitchen & Bath Hardware,مستلزمات المطبخ والحمام,家装建材 > 厨卫五金,False,allowed,,
1032415,13,2,门窗五金,Door & Window Hardware,مستلزمات الأبواب والنوافذ,家装建材 > 门窗五金,False,allowed,,
3010,13,2,锁具,Locks,أقفال,家装建材 > 锁具,False,allowed,,
1346,13,2,家具五金、配件,Furniture Hardware & Parts,قطع غيار وأجهزة الأثاث,家装建材 > 家具五金、配件,False,allowed,,
201135601,13,2,装修及工程,Renovation & Engineering,التجديد والهندسة,家装建材 > 装修及工程,False,allowed,,
1046737,13,2,景观工程,Landscape Engineering,هندسة المناظر الطبيعية,家装建材 > 景观工程,False,allowed,,
10405,13,2,瓷砖,Tiles,بلاط,家装建材 > 瓷砖,False,allowed,,
10428,13,2,地板,Flooring,الأرضيات,家装建材 > 地板,False,allowed,,
1038128,13,2,背景墙,Feature Walls,جدران خلفية,家装建材 > 背景墙,False,allowed,,
10440,13,2,门、窗,Doors & Windows,الأبواب والنوافذ,家装建材 > 门、窗,False,allowed,,
1348,13,2,建筑用粘合剂,Construction Adhesives,مواد لاصقة للبناء,家装建材 > 建筑用粘合剂,False,allowed,,
10422,13,2,木质材料,Wood Materials,مواد خشبية,家装建材 > 木质材料,False,allowed,,
1349,13,2,装饰线板,Decorative Molding,قوالب زخرفية,家装建材 > 装饰线板,False,allowed,,
1038387,13,2,功能材料,Functional Materials,مواد وظيفية,家装建材 > 功能材料,False,allowed,,
1314,13,2,吊顶材料,Ceiling Materials,مواد السقف,家装建材 > 吊顶材料,False,allowed,,
1037965,13,2,顶篷材料,Canopy Materials,مواد المظلات,家装建材 > 顶篷材料,False,allowed,,
1351,13,2,梯类,Ladders,سلالم,家装建材 > 梯类,False,allowed,,
10438,13,2,管件,Pipe Fittings,وصلات أنابيب,家装建材 > 管件,False,allowed,,
1350,13,2,管道系统,Pipeline Systems,أنظمة الأنابيب,家装建材 > 管道系统,False,allowed,,
31,13,2,其他家装建材,Other Home Building Materials,مواد بناء منزلية أخرى,家装建材 > 其他家装建材,False,allowed,,
10375,13,2,石材石料,Stone Materials,مواد حجرية,家装建材 > 石材石料,False,allowed,,
290313,13,2,建筑项目合作,Construction Projects,مشاريع البناء,家装建材 > 建筑项目合作,True,allowed,,
3168800013313,12,2,非机动车,Non-Motor Vehicles,مركبات غير آلية,交通运输 > 非机动车,False,allowed,,
3168800013298,12,2,船舶,Ships,سفن,交通运输 > 船舶,True,allowed,,
3168800013299,12,2,船舶专用配件,Ship-Specific Accessories,ملحقات خاصة بالسفن,交通运输 > 船舶专用配件,False,allowed,,
3168800013304,12,2,轨道交通设备器材,Rail Transit Equipment,معدات النقل السككي,交通运输 > 轨道交通设备器材,True,allowed,,
3168800013316,12,2,飞机及配件,Aircraft & Parts,طائرات وقطع غيار,交通运输 > 飞机及配件,True,allowed,,
3168800013297,12,2,航道设施,Waterway Facilities,مرافق الممرات المائية,交通运输 > 航道设施,True,allowed,,
3168800013305,12,2,通用输送设备,Conveyor Equipment,معدات النقل العامة,交通运输 > 通用输送设备,False,allowed,,
3168800013308,12,2,集装整理设备,Packaging & Sorting Equipment,معدات التعبئة والفرز,交通运输 > 集装整理设备,False,allowed,,
3168800013293,12,2,物流辅助器材,Logistics Accessories,ملحقات اللوجستيات,交通运输 > 物流辅助器材,False,allowed,,
3168800013287,12,2,二手交通工具,Used Transportation Vehicles,مركبات نقل مستعملة,交通运输 > 二手交通工具,False,allowed,,
3168800013290,12,2,交通工具代理加盟,Vehicle Franchise,وكالة مركبات,交通运输 > 交通工具代理加盟,True,allowed,,
3168800013292,12,2,库存交通工具,Stock Vehicles,مركبات مخزون,交通运输 > 库存交通工具,True,allowed,,
3168800013291,12,2,交通工具项目合作,Vehicle Partnerships,شراكات مركبات,交通运输 > 交通工具项目合作,True,allowed,,
1001,10,2,石油燃料,Petroleum Fuel,وقود نفطي,能源 > 石油燃料,False,allowed,,
3168800016340,10,2,石油焦,Petroleum Coke,فحم نفطي,能源 > 石油焦,True,allowed,,
3168800016326,10,2,天然气,Natural Gas,غاز طبيعي,能源 > 天然气,True,allowed,,
3168800016338,10,2,燃气设备,Gas Equipment,معدات الغاز,能源 > 燃气设备,True,allowed,,
1002,10,2,原煤,Raw Coal,فحم خام,能源 > 原煤,False,allowed,,
1005,10,2,煤制品,Coal Products,منتجات الفحم,能源 > 煤制品,False,allowed,,
3168800016339,10,2,生物能源,Bioenergy,الطاقة الحيوية,能源 > 生物能源,True,allowed,,
1043036,10,2,沥青,Asphalt,أسفلت,能源 > 沥青,False,allowed,,
3168800016332,10,2,沼气设备,Biogas Equipment,معدات الغاز الحيوي,能源 > 沼气设备,True,allowed,,
3168800016337,10,2,煤矿设备,Coal Mining Equipment,معدات تعدين الفحم,能源 > 煤矿设备,True,allowed,,
3168800016350,10,2,能源产品代理加盟,Energy Product Franchise & Agency,وكالات وفرنشايز منتجات الطاقة,能源 > 能源产品代理加盟,True,allowed,,
3168800016331,10,2,废油,Waste Oil,نفايات الزيت,能源 > 废油,True,allowed,,
3168800016320,10,2,其他能源,Other Energy,طاقة أخرى,能源 > 其他能源,True,allowed,,
3168800016351,10,2,能源项目合作,Energy Project Cooperation,تعاون مشاريع الطاقة,能源 > 能源项目合作,True,allowed,,
3168800013975,1,2,果树,Fruit Trees,أشجار الفاكهة,农业 > 果树,True,allowed,,
1046330,1,2,特种养殖动物,Special Breeding Animals,حيوانات التربية الخاصة,农业 > 特种养殖动物,False,allowed,,
1046352,1,2,畜牧业副产品,Livestock By-products,منتجات ثانوية من الثروة الحيوانية,农业 > 畜牧业副产品,False,allowed,,
3168800013986,1,2,畜禽种苗,Livestock & Poultry Breeding,تربية الثروة الحيوانية والدواجن,农业 > 畜禽种苗,True,allowed,,
3168800013976,1,2,水产种苗,Aquaculture Seedlings,شتلات الاستزراع المائي,农业 > 水产种苗,True,allowed,,
10048,1,2,饲料,Animal Feed,علف الحيوانات,农业 > 饲料,False,allowed,,
128,1,2,农业用具,Agricultural Tools,أدوات زراعية,农业 > 农业用具,False,allowed,,
3168800013973,1,2,工业用动植物油,Industrial Oils,زيوت صناعية نباتية وحيوانية,农业 > 工业用动植物油,True,allowed,,
3168800013971,1,2,农产品代理加盟,Agricultural Product Agency,وكالة منتجات زراعية,农业 > 农产品代理加盟,True,allowed,,
3168800013974,1,2,库存农产品,Stock Agricultural Products,منتجات زراعية مخزون,农业 > 库存农产品,True,allowed,,
3168800013964,1,2,其他农业,Other Agriculture,زراعة أخرى,农业 > 其他农业,True,allowed,,
3168800013972,1,2,农林牧渔项目合作,Agri & Fishery Projects,مشاريع الزراعة والثروة السمكية,农业 > 农林牧渔项目合作,True,allowed,,
151,71,2,乘用车,Passenger Vehicles,مركبات الركاب,汽摩及配件 > 乘用车,True,allowed,,
3317,71,2,商用车,Commercial Vehicles,المركبات التجارية,汽摩及配件 > 商用车,False,allowed,,
1209,71,2,专用汽车,Specialized Vehicles,مركبات مخصصة,汽摩及配件 > 专用汽车,False,allowed,,
10110,71,2,发动系统,Engine Systems,أنظمة المحرك,汽摩及配件 > 发动系统,False,allowed,,
10105,71,2,传动系统,Transmission Systems,أنظمة النقل,汽摩及配件 > 传动系统,False,allowed,,
10106,71,2,制动系统,Brake Systems,أنظمة المكابح,汽摩及配件 > 制动系统,False,allowed,,
3316,71,2,转向系统,Steering Systems,أنظمة التوجيه,汽摩及配件 > 转向系统,False,allowed,,
3321,71,2,行走系统,Mobility Systems,أنظمة الحركة,汽摩及配件 > 行走系统,False,allowed,,
93,71,2,冷却系统,Cooling Systems,أنظمة التبريد,汽摩及配件 > 冷却系统,False,allowed,,
10107,71,2,电源、点火系统,Power & Ignition Systems,أنظمة الطاقة والإشعال,汽摩及配件 > 电源、点火系统,False,allowed,,
78,71,2,摩托车,Motorcycles,دراجات نارية,汽摩及配件 > 摩托车,False,allowed,,
154,71,2,二手汽车,Used Cars,سيارات مستعملة,汽摩及配件 > 二手汽车,True,allowed,,
10112,71,2,汽摩产品制造设备,Automotive Manufacturing Equipment,معدات تصنيع السيارات والدراجات,汽摩及配件 > 汽摩产品制造设备,True,allowed,,
1210,71,2,停车场设备,Parking Equipment,معدات مواقف السيارات,汽摩及配件 > 停车场设备,True,allowed,,
3318,71,2,加油站设备,Gas Station Equipment,معدات محطات الوقود,汽摩及配件 > 加油站设备,True,allowed,,
1216,71,2,库存汽摩配件,Stock Auto & Motorcycle Parts,قطع غيار سيارات ودراجات نارية مخزون,汽摩及配件 > 库存汽摩配件,True,allowed,,
1031806,71,2,汽摩及配件代理加盟,Automotive Parts Franchise,وكالات قطع غيار السيارات,汽摩及配件 > 汽摩及配件代理加盟,True,allowed,,
10109,71,2,车用仪表,Car Instruments,أجهزة السيارات,汽摩及配件 > 车用仪表,False,allowed,,
1033588,71,2,电动车控制器,EV Controllers,وحدات تحكم المركبات الكهربائية,汽摩及配件 > 电动车控制器,True,allowed,,
124744036,71,2,汽车维修设备,Car Repair Equipment,معدات صيانة السيارات,汽摩及配件 > 汽车维修设备,False,allowed,,
125066013,71,2,电动车配件,EV Accessories,ملحقات المركبات الكهربائية,汽摩及配件 > 电动车配件,False,allowed,,
1036608,71,2,汽摩及配件项目合作,Automotive Parts Partnerships,شراكات قطع غيار السيارات,汽摩及配件 > 汽摩及配件项目合作,True,allowed,,
123620015,71,2,LED车灯,LED Car Lights,أضواء سيارات LED,汽摩及配件 > LED车灯,False,allowed,,
50902,509,2,固定电话,Landline Phones,هواتف أرضية,通信产品 > 固定电话,False,allowed,,
50915,509,2,电话机配附件,Telephone Accessories,ملحقات الهاتف,通信产品 > 电话机配附件,False,allowed,,
3168800016368,509,2,寻呼机,Pagers,أجهزة النداء,通信产品 > 寻呼机,True,allowed,,
3168800016371,509,2,接入设备,Access Devices,أجهزة الوصول,通信产品 > 接入设备,True,allowed,,
3168800016380,509,2,短信系统,SMS Systems,أنظمة الرسائل النصية,通信产品 > 短信系统,True,allowed,,
3168800016382,509,2,通讯产品代理加盟,Communication Products Agency,وكالة منتجات الاتصالات,通信产品 > 通讯产品代理加盟,True,allowed,,
3168800016381,509,2,通信器材代理加盟,Communication Equipment Agents,وكلاء معدات الاتصالات,通信产品 > 通信器材代理加盟,True,allowed,,
3168800016352,509,2,其他通信产品,Other Communication Products,منتجات اتصالات أخرى,通信产品 > 其他通信产品,True,allowed,,
3168800016369,509,2,库存通信器材,Stock Communication Equipment,معدات اتصالات مخزون,通信产品 > 库存通信器材,True,allowed,,
3168800016370,509,2,库存通讯产品,Stock Communication Products,منتجات اتصالات مخزون,通信产品 > 库存通讯产品,True,allowed,,
935,9,2,有色金属,Non-Ferrous Metals,معادن غير حديدية,冶金矿产 > 有色金属,False,allowed,,
906,9,2,有色金属合金,Non-Ferrous Metal Alloys,سبائك المعادن غير الحديدية,冶金矿产 > 有色金属合金,False,allowed,,
904,9,2,有色金属矿产,Non-Ferrous Metal Minerals,معادن المعادن غير الحديدية,冶金矿产 > 有色金属矿产,False,allowed,,
936,9,2,黑色金属,Ferrous Metals,معادن حديدية,冶金矿产 > 黑色金属,False,allowed,,
10511,9,2,黑色金属矿产,Ferrous Metal Ores,خامات المعادن الحديدية,冶金矿产 > 黑色金属矿产,False,allowed,,
10507,9,2,金属加工材,Metal Processing Materials,مواد معالجة المعادن,冶金矿产 > 金属加工材,False,allowed,,
926,9,2,金属丝、绳,Metal Wires and Ropes,أسلاك وحبال معدنية,冶金矿产 > 金属丝、绳,False,allowed,,
903,9,2,金属网,Metal Mesh,شبكات معدنية,冶金矿产 > 金属网,False,allowed,,
909,9,2,非金属矿物制品,Non-Metallic Mineral Products,منتجات المعادن غير المعدنية,冶金矿产 > 非金属矿物制品,False,allowed,,
908,9,2,非金属矿产,Non-Metallic Minerals,معادن غير معدنية,冶金矿产 > 非金属矿产,False,allowed,,
911,9,2,磁性材料,Magnetic Materials,مواد مغناطيسية,冶金矿产 > 磁性材料,False,allowed,,
912,9,2,废金属,Waste Metal,نفايات المعادن,冶金矿产 > 废金属,False,allowed,,
3168800013993,9,2,库存金属材料,Metal Stock,مخزون المعادن,冶金矿产 > 库存金属材料,True,allowed,,
3168800014072,9,2,金属材料代理加盟,Metal Materials Agency,وكالة مواد معدنية,冶金矿产 > 金属材料代理加盟,True,allowed,,
3168800014053,9,2,矿物代理加盟,Mineral Agency & Franchise,وكالة ومعارض المعادن,冶金矿产 > 矿物代理加盟,True,allowed,,
3168800013991,9,2,其他冶金矿产,Other Metallurgy & Minerals,معادن وصهر أخرى,冶金矿产 > 其他冶金矿产,True,allowed,,
3168800013992,9,2,冶金项目合作,Metallurgy Projects,مشاريع التعدين,冶金矿产 > 冶金项目合作,True,allowed,,
3168800014052,9,2,矿业项目合作,Mining Project Cooperation,شراكة مشاريع التعدين,冶金矿产 > 矿业项目合作,True,allowed,,
202058703,66,2,个人护理（医疗器械）,Personal Care Medical Devices,أجهزة طبية للعناية الشخصية,医药、保养 > 个人护理（医疗器械）,False,allowed,,
1612,66,2,医疗护理（器械）,Medical Care Equipment,معدات الرعاية الطبية,医药、保养 > 医疗护理（器械）,False,allowed,,
201876506,66,2,三类医疗器械,Class III Medical Devices,أجهزة طبية من الفئة الثالثة,医药、保养 > 三类医疗器械,False,allowed,,
1613,66,2,医用材料,Medical Materials,مواد طبية,医药、保养 > 医用材料,False,allowed,,
10532,66,2,矿物原药材,Mineral Raw Materials,مواد خام معدنية,医药、保养 > 矿物原药材,True,review,medicine,药
157,66,2,消毒防腐药剂,Disinfectants & Preservatives,مطهرات ومواد حافظة,医药、保养 > 消毒防腐药剂,True,review,medicine,药
1605,66,2,酶制剂、酵素制剂,Enzyme Preparations,مستحضرات الإنزيمات,医药、保养 > 酶制剂、酵素制剂,True,allowed,,
1614,66,2,畜禽用药,Veterinary Medicine,أدوية بيطرية,医药、保养 > 畜禽用药,True,review,medicine,药
1611,66,2,医疗器具,Medical Instruments,أدوات طبية,医药、保养 > 医疗器具,False,allowed,,
159,66,2,兽用器械,Veterinary Instruments,أدوات بيطرية,医药、保养 > 兽用器械,True,allowed,,
1615,66,2,制药设备,Pharmaceutical Equipment,معدات الأدوية,医药、保养 > 制药设备,False,allowed,,
10529,66,2,制药辅料,Pharmaceutical Excipients,مساعدات تصنيع الأدوية,医药、保养 > 制药辅料,True,allowed,,
10535,66,2,医疗器械制造设备,Medical Device Manufacturing Equipment,معدات تصنيع الأجهزة الطبية,医药、保养 > 医疗器械制造设备,True,allowed,,
1033302,66,2,医疗器械代理加盟,Medical Device Agency,وكالة الأجهزة الطبية,医药、保养 > 医疗器械代理加盟,True,allowed,,
3168800015037,72,2,橡皮布,Rubberized Fabric,قماش مطاطي,印刷 > 橡皮布,True,allowed,,
3168800015038,72,2,版材,Plate Materials,مواد الألواح,印刷 > 版材,True,allowed,,
3168800015005,72,2,印刷耗材,Printing Consumables,مستلزمات الطباعة,印刷 > 印刷耗材,True,allowed,,
3406,72,2,印前处理设备,Prepress Equipment,معدات ما قبل الطباعة,印刷 > 印前处理设备,False,allowed,,
1032524,72,2,印后加工设备,Postpress Equipment,معدات ما بعد الطباعة,印刷 > 印后加工设备,False,allowed,,
3407,72,2,印刷机械专用配件,Printing Machine Parts,قطع غيار ماكينات الطباعة,印刷 > 印刷机械专用配件,False,allowed,,
3168800015007,72,2,印刷配套设备,Printing Support Equipment,معدات دعم الطباعة,印刷 > 印刷配套设备,True,allowed,,
3401,72,2,防伪技术产品,Anti-Counterfeit Products,منتجات مكافحة التزييف,印刷 > 防伪技术产品,False,allowed,,
3168800015039,72,2,色标、色卡,Color Labels & Swatches,بطاقات وأدلة الألوان,印刷 > 色标、色卡,True,allowed,,
3168800015006,72,2,印刷耗材代理加盟,Printing Consumables Agency,وكالة مستلزمات الطباعة,印刷 > 印刷耗材代理加盟,True,allowed,,
3168800014996,72,2,其他印刷行业产品,Other Printing Products,منتجات طباعة أخرى,印刷 > 其他印刷行业产品,True,allowed,,
3168800015008,72,2,印刷项目合作,Printing Projects Cooperation,شراكة مشاريع الطباعة,印刷 > 印刷项目合作,True,allowed,,
281904,18,2,山地、野营用品,Mountain & Camping Gear,معدات الجبال والتخييم,运动户外 > 山地、野营用品,False,allowed,,
1044658,18,2,垂钓用品,Fishing Gear,معدات الصيد,运动户外 > 垂钓用品,False,allowed,,
127890013,18,2,瑜伽/健身服,Yoga & Fitness Wear,ملابس اليوغا واللياقة,运动户外 > 瑜伽/健身服,False,allowed,,
2009,18,2,健身器材用品,Fitness Equipment,معدات اللياقة,运动户外 > 健身器材用品,False,allowed,,
1044713,18,2,瑜伽用品,Yoga Supplies,مستلزمات اليوغا,运动户外 > 瑜伽用品,False,allowed,,
1608,18,2,按摩保健,Massage & Health,التدليك والصحة,运动户外 > 按摩保健,False,allowed,,
2040,18,2,运动护具,Sports Protective Gear,معدات الحماية الرياضية,运动户外 > 运动护具,False,allowed,,
1048070,18,2,户外服装,Outdoor Clothing,ملابس خارجية,运动户外 > 户外服装,False,allowed,,
121900002,18,2,户外鞋,Outdoor Shoes,أحذية خارجية,运动户外 > 户外鞋,False,allowed,,
122648001,18,2,户外眼镜,Outdoor Glasses,نظارات خارجية,运动户外 > 户外眼镜,False,allowed,,
1048069,18,2,运动休闲服装,Sports Casual Wear,ملابس رياضية كاجوال,运动户外 > 运动休闲服装,False,allowed,,
121876002,18,2,运动鞋,Sports Shoes,أحذية رياضية,运动户外 > 运动鞋,False,allowed,,
121898001,18,2,运动户外辅助用品,Sports & Outdoor Accessories,إكسسوارات رياضية وخارجية,运动户外 > 运动户外辅助用品,False,allowed,,
1048023,18,2,游泳用品,Swimming Gear,معدات السباحة,运动户外 > 游泳用品,False,allowed,,
1044740,18,2,涉水运动用品,Water Sports Gear,معدات الرياضات المائية,运动户外 > 涉水运动用品,False,allowed,,
1811,18,2,游艺设施,Amusement Facilities,مرافق الترفيه,运动户外 > 游艺设施,False,allowed,,
1044639,18,2,场地铺设器材,Site Paving Equipment,معدات تمهيد المواقع,运动户外 > 场地铺设器材,False,allowed,,
201564618,18,2,骑行整车,Bicycles,دراجات,运动户外 > 骑行整车,False,allowed,,
122098001,18,2,骑行零件,Cycling Parts,قطع غيار الدراجات,运动户外 > 骑行零件,False,allowed,,
201564924,18,2,骑行服配,Cycling Apparel & Accessories,ملابس وإكسسوارات ركوب الدراجات,运动户外 > 骑行服配,False,allowed,,
1809,18,2,棋牌、休闲运动,Board & Leisure Sports,ألعاب الطاولة والرياضات الترفيهية,运动户外 > 棋牌、休闲运动,False,allowed,,
1048021,18,2,运动、武术、球服,"Sports, Martial Arts & Teamwear",ملابس رياضية وفنون قتالية وفرق,运动户外 > 运动、武术、球服,False,allowed,,
1044780,18,2,裁判、计时、计步用具,"Referee, Timing & Pedometer Tools",أدوات التحكيم والقياس والعداد,运动户外 > 裁判、计时、计步用具,False,allowed,,
1045017,18,2,舞蹈、戏剧用品,Dance & Drama Supplies,مستلزمات الرقص والمسرح,运动户外 > 舞蹈、戏剧用品,True,allowed,,
1044819,18,2,羽毛球、网球用品,Badminton & Tennis Supplies,مستلزمات الريشة والتنس,运动户外 > 羽毛球、网球用品,False,allowed,,
1044825,18,2,乒乓球用品,Table Tennis Equipment,معدات تنس الطاولة,运动户外 > 乒乓球用品,False,allowed,,
1044810,18,2,篮球用品,Basketball Gear,معدات كرة السلة,运动户外 > 篮球用品,False,allowed,,
122226003,18,2,足球用品,Football Supplies,مستلزمات كرة القدم,运动户外 > 足球用品,False,allowed,,
122248001,18,2,排球用品,Volleyball Gear,معدات الكرة الطائرة,运动户外 > 排球用品,False,allowed,,
2005,18,2,高尔夫用品,Golf Supplies,مستلزمات الغولف,运动户外 > 高尔夫用品,False,allowed,,
1044642,18,2,台球用品,Billiards Supplies,مستلزمات البلياردو,运动户外 > 台球用品,False,allowed,,
1044730,18,2,保龄球用品,Bowling Supplies,معدات البولينج,运动户外 > 保龄球用品,False,allowed,,
1044823,18,2,棒垒球、曲棍球用品,Baseball & Hockey Gear,معدات البيسبول والهوكي,运动户外 > 棒垒球、曲棍球用品,False,allowed,,
1044824,18,2,橄榄球、壁球、手球,"Rugby, Squash & Handball",رجبي، سكواش وهاندبول,运动户外 > 橄榄球、壁球、手球,False,allowed,,
1044785,18,2,球类配套器材,Ball Sports Equipment,معدات رياضات الكرة,运动户外 > 球类配套器材,False,allowed,,
1044786,18,2,其他球类用品,Other Ball Sports Goods,معدات رياضية كروية أخرى,运动户外 > 其他球类用品,True,allowed,,
201883906,18,2,拳击、搏击运动,Boxing & Fighting,الملاكمة والفنون القتالية,运动户外 > 拳击、搏击运动,False,allowed,,
2053,18,2,登山、攀岩、攀冰用品,"Mountaineering, Climbing & Ice Climbing Gear",معدات تسلق الجبال والتسلق على الصخور والجليد,运动户外 > 登山、攀岩、攀冰用品,True,allowed,,
74,18,2,极限运动用品,Extreme Sports Gear,معدات الرياضات الخطرة,运动户外 > 极限运动用品,False,allowed,,
1044794,18,2,冰鞋、轮滑、滑板,Skates & Skateboards,أحذية التزلج والتزلج على العجلات واللوح,运动户外 > 冰鞋、轮滑、滑板,False,allowed,,
2013,18,2,滑雪用品,Ski Gear,معدات التزلج,运动户外 > 滑雪用品,False,allowed,,
2027,18,2,击剑、武术用品,Fencing & Martial Arts,معدات المبارزة والفنون القتالية,运动户外 > 击剑、武术用品,True,allowed,,
1828,18,2,田径用品,Athletics Equipment,معدات ألعاب القوى,运动户外 > 田径用品,True,allowed,,
1821,18,2,射击、射箭用品,Shooting & Archery,معدات الرماية والسهام,运动户外 > 射击、射箭用品,True,allowed,,
1820,18,2,体操用品,Gymnastics Gear,معدات الجمباز,运动户外 > 体操用品,True,allowed,,
1818,18,2,马术用品,Equestrian Supplies,مستلزمات الفروسية,运动户外 > 马术用品,True,allowed,,
127394011,18,2,运动装备加工定制,Sports Equipment Customization,تخصيص معدات الرياضة,运动户外 > 运动装备加工定制,True,allowed,,
10538,18,2,库存体育运动产品,Stock Sports Products,منتجات رياضية مخزون,运动户外 > 库存体育运动产品,True,allowed,,
1033452,18,2,库存娱乐休闲产品,Stock Entertainment Products,منتجات ترفيهية مخزون,运动户外 > 库存娱乐休闲产品,True,allowed,,
1033450,18,2,娱乐休闲产品代理加盟,Entertainment & Leisure Franchise,امتياز منتجات الترفيه والاستجمام,运动户外 > 娱乐休闲产品代理加盟,True,allowed,,
1031803,18,2,体育运动产品代理加盟,Sports Product Franchises,امتيازات منتجات الرياضة,运动户外 > 体育运动产品代理加盟,True,allowed,,
10539,18,2,体育运动项目合作,Sports Project Partnerships,شراكات مشاريع الرياضة,运动户外 > 体育运动项目合作,True,allowed,,
1814,18,2,其他运动休闲用品,Other Sports & Leisure,معدات رياضية وترفيهية أخرى,运动户外 > 其他运动休闲用品,True,allowed,,
126508002,18,2,运动服饰加工定制,Sportswear Customization,تخصيص الملابس الرياضية,运动户外 > 运动服饰加工定制,True,allowed,,
3168800015334,1426,2,车床,Lathes,مخارط,机床 > 车床,True,allowed,,
3168800015337,1426,2,铣床,Milling Machines,آلات الطحن,机床 > 铣床,True,allowed,,
3168800015326,1426,2,小型机床,Small Machine Tools,آلات صغيرة,机床 > 小型机床,True,allowed,,
3168800015336,1426,2,钻床,Drilling Machines,آلات الحفر,机床 > 钻床,True,allowed,,
3168800015341,1426,2,镗床,Boring Machines,آلات الثقب,机床 > 镗床,True,allowed,,
3168800015331,1426,2,磨床,Grinding Machines,آلات الطحن,机床 > 磨床,True,allowed,,
3168800015339,1426,2,锯床,Sawing Machines,آلات النشر,机床 > 锯床,True,allowed,,
3168800015327,1426,2,拉床,Broaching Machines,آلات التثقيب,机床 > 拉床,True,allowed,,
3168800015321,1426,2,冲床,Punching Machines,آلات التثقيب,机床 > 冲床,True,allowed,,
3168800015322,1426,2,刨床、插床,Planers & Slotters,آلات التجليخ والتخريم,机床 > 刨床、插床,True,allowed,,
3168800015325,1426,2,卷板机床,Plate Rolling Machines,آلات لف الألواح,机床 > 卷板机床,True,allowed,,
3168800015340,1426,2,锻压机床,Forging Machine Tools,آلات التشكيل بالطرق,机床 > 锻压机床,True,allowed,,
3168800015338,1426,2,铸造机床,Casting Machine Tools,آلات الصب,机床 > 铸造机床,True,allowed,,
3168800015329,1426,2,木工机床,Woodworking Machine Tools,آلات النجارة,机床 > 木工机床,True,allowed,,
3168800015342,1426,2,齿轮加工机床,Gear Processing Machines,آلات تصنيع التروس,机床 > 齿轮加工机床,True,allowed,,
3168800015333,1426,2,螺纹加工机床,Thread Processing Machines,آلات معالجة الخيوط,机床 > 螺纹加工机床,True,allowed,,
3168800015324,1426,2,加工中心,Processing Center,مركز تصنيع,机床 > 加工中心,True,allowed,,
3168800015328,1426,2,数控机床,CNC Machines,آلات التحكم الرقمي,机床 > 数控机床,True,allowed,,
3168800015332,1426,2,组合机床,Combination Machine Tools,آلات مدمجة,机床 > 组合机床,True,allowed,,
3168800015319,1426,2,专用机床,Specialized Machine Tools,آلات مخصصة,机床 > 专用机床,True,allowed,,
3168800015323,1426,2,剪板、折弯,Shearing & Bending,قص وثني,机床 > 剪板、折弯,True,allowed,,
3168800015330,1426,2,电火花、线切割,Spark & Wire Cutting,قطع بالشرارة والأسلاك,机床 > 电火花、线切割,True,allowed,,
3168800015335,1426,2,进口机床,Imported Machine Tools,آلات مخرطة مستوردة,机床 > 进口机床,True,allowed,,
3168800015320,1426,2,其他机床,Other Machine Tools,آلات أخرى,机床 > 其他机床,True,allowed,,
202007201,69,2,服务市场,Service Market,سوق الخدمات,商务服务 > 服务市场,True,allowed,,
202059707,69,2,服务商品,Service Products,منتجات الخدمة,商务服务 > 服务商品,True,allowed,,
2828,69,2,设计服务,Design Services,خدمات التصميم,商务服务 > 设计服务,False,allowed,,
24,69,2,广告服务,Advertising Services,خدمات الإعلان,商务服务 > 广告服务,False,allowed,,
76,69,2,财务服务,Financial Services,الخدمات المالية,商务服务 > 财务服务,False,allowed,,
1047443,69,2,工商服务,Business Services,خدمات الأعمال,商务服务 > 工商服务,False,allowed,,
89,69,2,物流服务,Logistics Services,خدمات اللوجستيات,商务服务 > 物流服务,False,allowed,,
1047452,69,2,检测认证,Testing & Certification,اختبار وشهادات,商务服务 > 检测认证,False,allowed,,
171,69,2,市场调研,Market Research,أبحاث السوق,商务服务 > 市场调研,True,allowed,,
2701,69,2,进出口代理,Import & Export Agents,وكلاء الاستيراد والتصدير,商务服务 > 进出口代理,False,allowed,,
2816,69,2,招聘职位,Job Listings,وظائف,商务服务 > 招聘职位,False,allowed,,
2815,69,2,教育培训,Education & Training,التعليم والتدريب,商务服务 > 教育培训,False,allowed,,
2803,69,2,中介服务,Agency Services,خدمات الوساطة,商务服务 > 中介服务,False,allowed,,
2840,69,2,商旅服务,Business Travel Services,خدمات السفر التجاري,商务服务 > 商旅服务,False,allowed,,
280507,69,2,软件开发,Software Development,تطوير البرمجيات,商务服务 > 软件开发,True,allowed,,
2823,69,2,维修及安装服务,Repair & Installation Services,خدمات الصيانة والتركيب,商务服务 > 维修及安装服务,False,allowed,,
2841,69,2,企业日常服务,Business Services,خدمات الأعمال اليومية,商务服务 > 企业日常服务,False,allowed,,
2833,69,2,摄影摄像服务,Photo & Video Services,خدمات التصوير والفيديو,商务服务 > 摄影摄像服务,False,allowed,,
174,69,2,翻译服务,Translation Services,خدمات الترجمة,商务服务 > 翻译服务,True,allowed,,
75,69,2,展览会信息,Exhibition Info,معلومات المعارض,商务服务 > 展览会信息,False,allowed,,
2843,69,2,展览服务,Exhibition Services,خدمات المعارض,商务服务 > 展览服务,False,allowed,,
2845,69,2,通讯服务,Communication Services,خدمات الاتصالات,商务服务 > 通讯服务,False,allowed,,
201894402,69,2,增值服务,Value-added Services,خدمات إضافية,商务服务 > 增值服务,False,allowed,,
2825,69,2,其他商务服务,Other Business Services,خدمات تجارية أخرى,商务服务 > 其他商务服务,True,allowed,,
734,69,2,软件,Software,برمجيات,商务服务 > 软件,False,allowed,,
1327,69,2,工程承包,Engineering Contracting,مقاولات هندسية,商务服务 > 工程承包,False,allowed,,
2702,69,2,区域代理加盟,Regional Franchise,امتياز إقليمي,商务服务 > 区域代理加盟,True,allowed,,
1031816,69,2,其他代理加盟,Other Franchise & Agency,وكالات وفرنشايز أخرى,商务服务 > 其他代理加盟,True,allowed,,
1031817,69,2,特许经营,Franchising,الامتياز التجاري,商务服务 > 特许经营,False,allowed,,
1031815,69,2,库存产品代理加盟,Stock Product Agencies,وكالات منتجات المخزون,商务服务 > 库存产品代理加盟,True,allowed,,
2901,69,2,技术合作,Technical Cooperation,التعاون التقني,商务服务 > 技术合作,True,allowed,,
88,69,2,租赁服务,Rental Services,خدمات التأجير,商务服务 > 租赁服务,False,allowed,,
1036079,69,2,转让,Transfer,نقل,商务服务 > 转让,False,allowed,,
290328,69,2,服务项目合作,Service Project Cooperation,تعاون مشاريع الخدمة,商务服务 > 服务项目合作,True,allowed,,
2907,69,2,招标、投标,Bidding,المناقصات,商务服务 > 招标、投标,True,allowed,,
290307,69,2,信息技术项目合作,IT Project Partnerships,شراكات مشاريع تقنية المعلومات,商务服务 > 信息技术项目合作,True,allowed,,
290332,69,2,旅游项目合作,Tourism Cooperation,تعاون سياحي,商务服务 > 旅游项目合作,True,allowed,,
3168800013270,2829,2,二手照明器材,Used Lighting Equipment,معدات إضاءة مستعملة,二手设备转让 > 二手照明器材,True,allowed,,
3168800013265,2829,2,二手广电设备,Used Broadcasting Equipment,معدات بث مستعملة,二手设备转让 > 二手广电设备,True,allowed,,
3168800012959,2829,2,二手机床,Used Machine Tools,آلات تشغيل مستعملة,二手设备转让 > 二手机床,False,allowed,,
3168800013000,2829,2,二手通用零部件,Used General Parts,قطع غيار عامة مستعملة,二手设备转让 > 二手通用零部件,False,allowed,,
3168800012984,2829,2,二手工程机械,Used Construction Machinery,آلات بناء مستعملة,二手设备转让 > 二手工程机械,False,allowed,,
3168800013268,2829,2,二手木工机械,Used Woodworking Machinery,آلات النجارة مستعملة,二手设备转让 > 二手木工机械,True,allowed,,
3168800013284,2829,2,二手食品机械,Used Food Machinery,آلات غذائية مستعملة,二手设备转让 > 二手食品机械,True,allowed,,
3168800013254,2829,2,二手农业机械,Used Agricultural Machinery,آلات زراعية مستعملة,二手设备转让 > 二手农业机械,True,allowed,,
3168800013258,2829,2,二手包装机械,Used Packaging Machinery,آلات تعبئة وتغليف مستعملة,二手设备转让 > 二手包装机械,True,allowed,,
3168800013259,2829,2,二手化工设备,Used Chemical Equipment,معدات كيميائية مستعملة,二手设备转让 > 二手化工设备,True,allowed,,
3168800013261,2829,2,二手印刷设备,Used Printing Equipment,معدات طباعة مستعملة,二手设备转让 > 二手印刷设备,True,allowed,,
3168800013275,2829,2,二手电工电气产品,Used Electrical Products,منتجات كهربائية مستعملة,二手设备转让 > 二手电工电气产品,True,allowed,,
3168800013274,2829,2,二手电子加工设备,Used Electronic Processing Equipment,معدات معالجة إلكترونية مستعملة,二手设备转让 > 二手电子加工设备,True,allowed,,
3168800013277,2829,2,二手矿业设备,Used Mining Equipment,معدات تعدين مستعملة,二手设备转让 > 二手矿业设备,True,allowed,,
3168800013262,2829,2,二手塑料机械,Used Plastic Machinery,آلات بلاستيكية مستعملة,二手设备转让 > 二手塑料机械,True,allowed,,
3168800013269,2829,2,二手橡胶加工设备,Used Rubber Processing Equipment,معدات معالجة المطاط مستعملة,二手设备转让 > 二手橡胶加工设备,True,allowed,,
3168800013276,2829,2,二手皮革加工设备,Used Leather Processing Equipment,معدات معالجة الجلود مستعملة,二手设备转让 > 二手皮革加工设备,True,allowed,,
3168800013272,2829,2,二手环保设备,Used Environmental Equipment,معدات بيئية مستعملة,二手设备转让 > 二手环保设备,True,allowed,,
3168800013282,2829,2,二手造纸设备,Used Papermaking Equipment,معدات صناعة الورق مستعملة,二手设备转让 > 二手造纸设备,True,allowed,,
3168800013278,2829,2,二手纸加工设备,Used Paper Processing Equipment,معدات معالجة الورق مستعملة,二手设备转让 > 二手纸加工设备,True,allowed,,
3168800013271,2829,2,二手物流设备,Used Logistics Equipment,معدات لوجستية مستعملة,二手设备转让 > 二手物流设备,True,allowed,,
3168800013266,2829,2,二手建材加工设备,Used Building Material Processing Equipment,معدات معالجة مواد البناء مستعملة,二手设备转让 > 二手建材加工设备,True,allowed,,
3168800013279,2829,2,二手纺织加工设备,Used Textile Processing Equipment,معدات معالجة النسيج مستعملة,二手设备转让 > 二手纺织加工设备,True,allowed,,
3168800013267,2829,2,二手服装加工设备,Used Garment Processing Equipment,معدات تصنيع الملابس مستعملة,二手设备转让 > 二手服装加工设备,True,allowed,,
3168800013257,2829,2,二手制鞋设备,Used Shoe-making Equipment,معدات صناعة الأحذية مستعملة,二手设备转让 > 二手制鞋设备,True,allowed,,
3168800013280,2829,2,二手通信器材,Used Communication Equipment,معدات اتصالات مستعملة,二手设备转让 > 二手通信器材,True,allowed,,
3168800013281,2829,2,二手通讯产品,Used Communication Products,منتجات اتصالات مستعملة,二手设备转让 > 二手通讯产品,True,allowed,,
3168800013264,2829,2,二手家用电器,Used Home Appliances,أجهزة منزلية مستعملة,二手设备转让 > 二手家用电器,True,allowed,,
3168800013273,2829,2,二手电动工具,Used Power Tools,أدوات كهربائية مستعملة,二手设备转让 > 二手电动工具,True,allowed,,
3168800012713,2829,2,二手办公设备,Used Office Equipment,معدات مكتبية مستعملة,二手设备转让 > 二手办公设备,False,allowed,,
3168800013256,2829,2,二手制药设备,Used Pharmaceutical Equipment,معدات صيدلانية مستعملة,二手设备转让 > 二手制药设备,True,allowed,,
3168800013283,2829,2,二手锅炉,Used Boilers,غلايات مستعملة,二手设备转让 > 二手锅炉,True,allowed,,
3168800013017,2829,2,二手仪器仪表,Used Instruments & Meters,أجهزة وأدوات قياس مستعملة,二手设备转让 > 二手仪器仪表,False,allowed,,
3168800013260,2829,2,二手医疗设备,Used Medical Equipment,معدات طبية مستعملة,二手设备转让 > 二手医疗设备,True,allowed,,
3168800013263,2829,2,二手安防产品,Used Security Products,منتجات أمنية مستعملة,二手设备转让 > 二手安防产品,True,allowed,,
3168800013253,2829,2,二手体育休闲设施,Used Sports & Leisure Facilities,مرافق رياضية وترفيهية مستعملة,二手设备转让 > 二手体育休闲设施,True,allowed,,
3168800013285,2829,2,其他二手设备,Other Used Equipment,معدات مستعملة أخرى,二手设备转让 > 其他二手设备,True,allowed,,
3168800014140,2805,2,女装加工,Women's Clothing Manufacturing,تصنيع الملابس النسائية,加工 > 女装加工,True,allowed,,
3168800014176,2805,2,童装加工,Kids Clothing Processing,تصنيع ملابس أطفال,加工 > 童装加工,True,allowed,,
3168800014123,2805,2,内衣加工,Underwear Processing,تصنيع ملابس داخلية,加工 > 内衣加工,True,allowed,,
3168800014191,2805,2,运动户外加工,Sports & Outdoor Manufacturing,تصنيع رياضي وخارجي,加工 > 运动户外加工,True,allowed,,
3168800014126,2805,2,制服表演服加工,Uniform & Costume Making,تصنيع الزي الرسمي والملابس المسرحية,加工 > 制服表演服加工,True,allowed,,
3168800014155,2805,2,情侣装/亲子装加工,Couple & Parent-Child Wear Processing,تصنيع ملابس الأزواج والأطفال,加工 > 情侣装/亲子装加工,True,allowed,,
124806004,2805,2,家纺家饰加工,Textiles & Decor Processing,تصنيع المنسوجات والديكور,加工 > 家纺家饰加工,False,allowed,,
1045787,2805,2,印刷加工,Printing Services,خدمات الطباعة,加工 > 印刷加工,False,allowed,,
3168800014178,2805,2,箱包皮具加工,Bag & Leather Processing,تصنيع الحقائب والجلود,加工 > 箱包皮具加工,True,allowed,,
3168800014198,2805,2,饰品加工,Jewelry Processing,تصنيع المجوهرات,加工 > 饰品加工,True,allowed,,
3168800014161,2805,2,服饰配件加工,Accessories Processing,معالجة الإكسسوارات,加工 > 服饰配件加工,True,allowed,,
3168800014170,2805,2,玩具设计加工,Toy Design and Processing,تصميم ومعالجة الألعاب,加工 > 玩具设计加工,True,allowed,,
3168800014120,2805,2,仪器仪表加工,Instruments Processing,معالجة أجهزة وأدوات قياس,加工 > 仪器仪表加工,True,allowed,,
3168800014139,2805,2,喷涂加工,Spray Coating,طلاء بالرش,加工 > 喷涂加工,True,allowed,,
3168800014125,2805,2,冶炼加工,Smelting & Processing,الصهر والمعالجة,加工 > 冶炼加工,True,allowed,,
1041441,2805,2,安全防护加工合作,Safety Protection Manufacturing Partnerships,شراكات تصنيع منتجات الحماية والسلامة,加工 > 安全防护加工合作,False,allowed,,
3168800014159,2805,2,服装加工旧,Used Garment Processing,معالجة الملابس المستعملة,加工 > 服装加工旧,True,allowed,,
3168800014119,2805,2,交通运输产品加工,Transportation Product Processing,معالجة منتجات النقل,加工 > 交通运输产品加工,True,allowed,,
3168800014127,2805,2,办公文教用品加工,Office Supplies Processing,تصنيع اللوازم المكتبية,加工 > 办公文教用品加工,True,allowed,,
3168800014128,2805,2,包装产品加工,Packaging Product Processing,تصنيع منتجات التغليف,加工 > 包装产品加工,True,allowed,,
3168800014145,2805,2,家居用品加工,Home Goods Processing,تصنيع مستلزمات المنزل,加工 > 家居用品加工,True,allowed,,
3168800014152,2805,2,工艺品加工,Handicraft Processing,تصنيع الحرف اليدوية,加工 > 工艺品加工,True,allowed,,
736,2805,2,数码电脑加工,Digital Computer Processing,معالجة الكمبيوتر الرقمية,加工 > 数码电脑加工,False,allowed,,
3168800014160,2805,2,服饰加工,Accessories Processing,معالجة الإكسسوارات,加工 > 服饰加工,True,allowed,,
3168800014168,2805,2,汽摩配件加工,Automotive Parts Processing,تصنيع قطع غيار السيارات,加工 > 汽摩配件加工,True,allowed,,
3168800014169,2805,2,照明加工,Lighting Processing,معالجة الإضاءة,加工 > 照明加工,True,allowed,,
3168800014171,2805,2,环保设备加工,Environmental Equipment Processing,معالجة معدات البيئة,加工 > 环保设备加工,True,allowed,,
3168800014180,2805,2,纸加工,Paper Processing,معالجة الورق,加工 > 纸加工,True,allowed,,
3168800014181,2805,2,纸品加工,Paper Products Processing,معالجة منتجات الورق,加工 > 纸品加工,True,allowed,,
3168800014192,2805,2,通讯产品加工,Communication Products Processing,معالجة منتجات الاتصالات,加工 > 通讯产品加工,True,allowed,,
3168800014195,2805,2,鞋材、鞋件加工,Shoe Materials & Parts Processing,معالجة مواد وأجزاء الأحذية,加工 > 鞋材、鞋件加工,True,allowed,,
3168800014196,2805,2,音像制品加工,Audio & Video Processing,معالجة الصوت والفيديو,加工 > 音像制品加工,True,allowed,,
3168800014121,2805,2,体育运动产品加工,Sports Product Manufacturing,تصنيع منتجات الرياضة,加工 > 体育运动产品加工,True,allowed,,
3168800014122,2805,2,保健用品加工,Health Products Manufacturing,تصنيع منتجات الصحة,加工 > 保健用品加工,True,allowed,,
3168800014124,2805,2,农副产品加工,Agricultural Processing,معالجة المنتجات الزراعية,加工 > 农副产品加工,True,allowed,,
3168800014129,2805,2,化工产品加工,Chemical Product Processing,تصنيع منتجات كيميائية,加工 > 化工产品加工,True,allowed,,
3168800014130,2805,2,医疗器械加工,Medical Device Processing,معالجة الأجهزة الطبية,加工 > 医疗器械加工,True,allowed,,
3168800014141,2805,2,娱乐休闲产品加工,Entertainment & Leisure Product Manufacturing,تصنيع منتجات الترفيه والاستجمام,加工 > 娱乐休闲产品加工,True,allowed,,
3168800014153,2805,2,建材加工,Building Material Processing,معالجة مواد البناء,加工 > 建材加工,True,allowed,,
3168800014154,2805,2,性保健品加工,Sexual Health Products Processing,تصنيع منتجات الصحة الجنسية,加工 > 性保健品加工,True,allowed,,
3168800014162,2805,2,木材加工,Wood Processing,معالجة الخشب,加工 > 木材加工,True,allowed,,
1034033,2805,2,橡胶加工,Rubber Processing,تصنيع المطاط,加工 > 橡胶加工,False,allowed,,
3168800014172,2805,2,玻璃加工,Glass Processing,معالجة الزجاج,加工 > 玻璃加工,True,allowed,,
3168800014173,2805,2,电工电气产品加工,Electrical Product Processing,تصنيع منتجات كهربائية,加工 > 电工电气产品加工,True,allowed,,
3168800014174,2805,2,皮革加工,Leather Processing,معالجة الجلد,加工 > 皮革加工,True,allowed,,
3168800014175,2805,2,石材加工,Stone Processing,معالجة الأحجار,加工 > 石材加工,True,allowed,,
3168800014177,2805,2,竹木加工,Bamboo & Wood Processing,معالجة الخيزران والخشب,加工 > 竹木加工,True,allowed,,
3168800014179,2805,2,精细化学品加工,Fine Chemicals Processing,معالجة المواد الكيميائية الدقيقة,加工 > 精细化学品加工,True,allowed,,
1034016,2805,2,纺织加工,Textile Processing,معالجة المنسوجات,加工 > 纺织加工,False,allowed,,
3168800014189,2805,2,纺织品加工,Textile Products Processing,معالجة منتجات المنسوجات,加工 > 纺织品加工,True,allowed,,
3168800014190,2805,2,能源产品加工,Energy Product Processing,معالجة منتجات الطاقة,加工 > 能源产品加工,True,allowed,,
3168800014193,2805,2,门窗加工,Door & Window Processing,تصنيع الأبواب والنوافذ,加工 > 门窗加工,True,allowed,,
3168800014194,2805,2,陶瓷加工,Ceramic Processing,معالجة السيراميك,加工 > 陶瓷加工,True,allowed,,
3168800014197,2805,2,食品饮料加工,Food & Beverage Processing,تجهيز الطعام والشراب,加工 > 食品饮料加工,True,allowed,,
122196011,130822220,2,衣物清洁护理,Clothing Care,العناية بالملابس,个护/家清 > 衣物清洁护理,False,allowed,,
201231505,130822220,2,成人/女性护理,Adult & Female Care,رعاية البالغين والنساء,个护/家清 > 成人/女性护理,False,allowed,,
122338008,130822220,2,假发,Wigs,باروكات,个护/家清 > 假发,False,allowed,,
10313,130822220,2,美发产品,Hair Care Products,منتجات العناية بالشعر,个护/家清 > 美发产品,False,allowed,,
1043058,130822220,2,身体清洁,Body Cleansing,تنظيف الجسم,个护/家清 > 身体清洁,False,allowed,,
122268004,130822220,2,口腔清洁护理,Oral Care,العناية بالفم,个护/家清 > 口腔清洁护理,False,allowed,,
122212003,130822220,2,厨卫清洁剂,Kitchen & Bath Cleaners,منظفات المطبخ والحمام,个护/家清 > 厨卫清洁剂,False,allowed,,
122262003,130822220,2,家居清洁护理,Home Cleaning Care,العناية بتنظيف المنزل,个护/家清 > 家居清洁护理,False,allowed,,
1513,130822220,2,纸品湿巾,Paper Wet Wipes,مناديل ورقية مبللة,个护/家清 > 纸品湿巾,False,allowed,,
122194007,130822220,2,除臭芳香用品,Deodorizing & Fragrance Products,منتجات إزالة الروائح والعطور,个护/家清 > 除臭芳香用品,False,allowed,,
201303409,130822220,2,消毒抑菌用品,Disinfection & Antibacterial,مطهرات ومضادات بكتيريا,个护/家清 > 消毒抑菌用品,False,allowed,,
201304234,130822220,2,个护家清加工,Personal Care & Home Cleaning Processing,معالجة العناية الشخصية والتنظيف المنزلي,个护/家清 > 个护家清加工,False,allowed,,
201358608,130822220,2,男性护理,Men's Grooming,عناية الرجال,个护/家清 > 男性护理,False,allowed,,
201548001,130822220,2,驱虫防蚊灭鼠杀虫用品,Pest Control,مبيدات الحشرات والقوارض,个护/家清 > 驱虫防蚊灭鼠杀虫用品,False,allowed,,
122278002,130822220,2,地板清洁护理,Floor Cleaning and Care,تنظيف ورعاية الأرضيات,个护/家清 > 地板清洁护理,False,allowed,,
126182004,130822220,2,身体护理,Body Care,العناية بالجسم,个护/家清 > 身体护理,False,allowed,,
201900804,130822002,2,预制菜/半成品菜,Prepared & Semi-finished Dishes,أطباق جاهزة ونصف جاهزة,餐饮生鲜 > 预制菜/半成品菜,False,allowed,,
124000009,130822002,2,方便速食,Convenient Fast Food,طعام سريع مريح,餐饮生鲜 > 方便速食,False,allowed,,
10082,130822002,2,调味品,Seasonings,توابل,餐饮生鲜 > 调味品,False,allowed,,
10037,130822002,2,水果,Fruits,فواكه,餐饮生鲜 > 水果,False,allowed,,
216,130822002,2,速冻食品,Frozen Foods,الأطعمة المجمدة,餐饮生鲜 > 速冻食品,False,allowed,,
1043006,130822002,2,鲜蛋类,Fresh Eggs,بيض طازج,餐饮生鲜 > 鲜蛋类,False,allowed,,
125068002,130822002,2,水产海鲜,Seafood,مأكولات بحرية,餐饮生鲜 > 水产海鲜,False,allowed,,
106,130822002,2,菌菇干货,Dried Mushrooms,فطر مجفف,餐饮生鲜 > 菌菇干货,False,allowed,,
104,130822002,2,干果原料,Dried Nut Ingredients,مكونات المكسرات المجففة,餐饮生鲜 > 干果原料,False,allowed,,
1046204,130822002,2,农作物种子种苗,Crop Seeds & Seedlings,بذور الشتلات والمحاصيل,餐饮生鲜 > 农作物种子种苗,False,allowed,,
228,130822002,2,米面淀粉类,"Rice, Flour & Starch",الأرز والدقيق والنشا,餐饮生鲜 > 米面淀粉类,False,allowed,,
10020,130822002,2,五谷杂粮,Grains & Cereals,حبوب وبقوليات,餐饮生鲜 > 五谷杂粮,False,allowed,,
206,130822002,2,食用油,Edible Oils,زيوت صالحة للأكل,餐饮生鲜 > 食用油,False,allowed,,
124022008,130822002,2,罐头食品,Canned Food,أطعمة معلبة,餐饮生鲜 > 罐头食品,False,allowed,,
125390001,130822002,2,果酱,Jam,مربى,餐饮生鲜 > 果酱,False,allowed,,
125062008,130822002,2,蛋制品,Egg Products,منتجات البيض,餐饮生鲜 > 蛋制品,False,allowed,,
10086,130822002,2,肉禽类,Meat & Poultry,اللحوم والدواجن,餐饮生鲜 > 肉禽类,False,allowed,,
10028,130822002,2,蔬菜,Vegetables,خضروات,餐饮生鲜 > 蔬菜,False,allowed,,
207,130822002,2,豆制品,Bean Products,منتجات الفول,餐饮生鲜 > 豆制品,True,allowed,,
1042703,130822002,2,烘焙原辅料,Baking Ingredients,مكونات الخبز,餐饮生鲜 > 烘焙原辅料,False,allowed,,
118,130822002,2,植物提取物,Plant Extracts,مستخلصات نباتية,餐饮生鲜 > 植物提取物,True,allowed,,
119,130822002,2,动物提取物,Animal Extracts,مستخلصات حيوانية,餐饮生鲜 > 动物提取物,True,allowed,,
202010504,130822002,2,烘焙半成品/小吃半成品,Baking & Snack Semi-finished,منتجات مخبوزة ونصف جاهزة,餐饮生鲜 > 烘焙半成品/小吃半成品,False,allowed,,
3168800016517,123614001,2,锌铝镁,"Zinc, Aluminum & Magnesium",الزنك، الألمنيوم والمغنيسيوم,钢铁 > 锌铝镁,False,allowed,,
3168800016498,123614001,2,螺纹钢,Rebar Steel,حديد التسليح,钢铁 > 螺纹钢,False,allowed,,
3168800016493,123614001,2,线材,Wire Materials,مواد الأسلاك,钢铁 > 线材,False,allowed,,
3168800016439,123614001,2,圆钢,Round Steel,فولاذ دائري,钢铁 > 圆钢,False,allowed,,
3168800016475,123614001,2,热轧板卷,Hot Rolled Coils,لفائف الصلب المدلفن على الساخن,钢铁 > 热轧板卷,False,allowed,,
3168800016434,123614001,2,冷轧板卷,Cold Rolled Coils,لفائف الصلب المدلفن على البارد,钢铁 > 冷轧板卷,False,allowed,,
121022004,123614001,2,中厚板,Medium & Thick Plates,ألواح متوسطة وسميكة,钢铁 > 中厚板,False,allowed,,
3168800016453,123614001,2,带钢,Strip Steel,فولاذ شريطي,钢铁 > 带钢,False,allowed,,
3168800016486,123614001,2,硅钢,Silicon Steel,فولاذ السيليكون,钢铁 > 硅钢,False,allowed,,
3168800016458,123614001,2,涂镀,Coating & Plating,طلاء وتغليف,钢铁 > 涂镀,False,allowed,,
3168800016443,123614001,2,型材,Profiles,بروفيلات,钢铁 > 型材,False,allowed,,
3168800009486,123614001,2,管材,Pipes,أنابيب,钢铁 > 管材,False,allowed,,
3168800016390,123614001,2,不锈钢板（卷）,Stainless Steel Sheets & Coils,صفائح ولفائف من الفولاذ المقاوم للصدأ,钢铁 > 不锈钢板（卷）,False,allowed,,
3168800003616,123614001,2,不锈钢管,Stainless Steel Pipes,أنابيب من الفولاذ المقاوم للصدأ,钢铁 > 不锈钢管,False,allowed,,
3168800016395,123614001,2,不锈钢棒材,Stainless Steel Bars,قضبان من الفولاذ المقاوم للصدأ,钢铁 > 不锈钢棒材,False,allowed,,
3168800016401,123614001,2,不锈钢线材,Stainless Steel Wires,أسلاك من الفولاذ المقاوم للصدأ,钢铁 > 不锈钢线材,False,allowed,,
3168800016383,123614001,2,不锈钢型材,Stainless Steel Profiles,بروفيلات من الفولاذ المقاوم للصدأ,钢铁 > 不锈钢型材,False,allowed,,
3168800016421,123614001,2,优特钢,Special Steel,فولاذ خاص,钢铁 > 优特钢,False,allowed,,
3168800016470,123614001,2,炉料,Furnace Materials,مواد الفرن,钢铁 > 炉料,False,allowed,,
3168800016504,123614001,2,铁合金,Ferroalloys,سبائك الحديد,钢铁 > 铁合金,False,allowed,,
3168800007274,202052814,2,光伏产品及核心组件,Photovoltaic Products & Core Components,منتجات ومكونات الطاقة الشمسية الأساسية,新能源 > 光伏产品及核心组件,False,allowed,,
202053313,202052814,2,储能系统,Energy Storage Systems,أنظمة تخزين الطاقة,新能源 > 储能系统,False,allowed,,
3168800007276,202052814,2,光伏零配件,Photovoltaic Spare Parts,قطع غيار الطاقة الشمسية,新能源 > 光伏零配件,False,allowed,,
3168800007283,202052814,2,光伏配套设备,Photovoltaic Supporting Equipment,معدات دعم الطاقة الشمسية,新能源 > 光伏配套设备,False,allowed,,
3168800007288,202052814,2,光伏组件原材料,Photovoltaic Module Raw Materials,مواد خام لوحدات الطاقة الشمسية,新能源 > 光伏组件原材料,False,allowed,,
3168800007298,202052814,2,太阳能应用,Solar Applications,تطبيقات الطاقة الشمسية,新能源 > 太阳能应用,False,allowed,,
3168800007306,202052814,2,风电产品,Wind Power Products,منتجات طاقة الرياح,新能源 > 风电产品,False,allowed,,
3168800007316,202052814,2,氢能源,Hydrogen Energy,طاقة الهيدروجين,新能源 > 氢能源,False,allowed,,
3168800007321,202052814,2,水力能源,Hydropower,الطاقة الكهرومائية,新能源 > 水力能源,False,allowed,,
127754005,202052814,2,太阳能发电系统,Solar Power Systems,أنظمة توليد الطاقة الشمسية,新能源 > 太阳能发电系统,False,allowed,,
1007,202052814,2,太阳能设备,Solar Equipment,معدات الطاقة الشمسية,新能源 > 太阳能设备,False,allowed,,
